model,family,n,mae,rmse,r2,median_absolute_error,mean_bias,macro_mae,low_visibility_mae,ceiling_label_mae,within_1km,within_2km,balanced_regime_mae,feature_mode,pca_components,C,epsilon,alpha,weight_beta
dummy_10km,dummy,127,0.5275590551181102,1.5292425174462532,-0.13508877520312979,0.0,0.5275590551181102,3.0,3.0454545454545454,0.0,0.9133858267716536,0.9133858267716536,1.5227272727272727,,,,,,
image_svr_pc2_C30.0_e0.25,svr,127,0.6501919145270446,1.446430836751746,-0.015482502782185437,0.23423807146289022,0.3001378130171719,2.828945709734315,2.7429971681389884,0.2116993851988278,0.9133858267716536,0.9133858267716536,1.4773482766689081,image,2.0,30.0,0.25,,
image_svr_pc2_C10.0_e0.25,svr,127,0.6621788585376298,1.4653353550114832,-0.0422002117360063,0.23849995687118053,0.30331113773257706,2.918553170682873,2.786755216507188,0.2170295263916272,0.9133858267716536,0.9133858267716536,1.5018923714494077,image,2.0,10.0,0.25,,
image_svr_pc2_C3.0_e0.25,svr,127,0.6793969375097334,1.462614329241875,-0.038333218924945234,0.2471237277929479,0.2888827718290637,2.89799541734625,2.7948073428642557,0.23616809067354783,0.9133858267716536,0.9133858267716536,1.5154877167689018,image,2.0,3.0,0.25,,
image_svr_pc3_C3.0_e0.25,svr,127,0.6804264917937327,1.4668424702971161,-0.04434514547371737,0.2514627107530867,0.2820823966119193,2.9103656507863325,2.7781506551708595,0.240903333752811,0.9133858267716536,0.9133858267716536,1.5095269944618352,image,3.0,3.0,0.25,,
image_svr_pc3_C10.0_e0.25,svr,127,0.6835452831601122,1.456528334576021,-0.029710107691854004,0.26303996842497845,0.25403708772485295,2.8303197692250586,2.706203661417967,0.2597501943822758,0.905511811023622,0.9133858267716536,1.4829769279001215,image,3.0,10.0,0.25,,
fusion_svr_pc2_C3.0_e0.25,svr,127,0.6838998146923371,1.469238039183001,-0.047759068496926904,0.2643152271274438,0.2764519972442261,2.900580094302048,2.7719245480896255,0.2464089181710005,0.9133858267716536,0.9133858267716536,1.509166733130313,fusion,2.0,3.0,0.25,,
fusion_svr_pc2_C1.0_e0.25,svr,127,0.685703414602992,1.4630719131847092,-0.03898301281931382,0.25344551580342767,0.2804614182073686,2.8896263108846987,2.7887030401571775,0.24507492162973418,0.9133858267716536,0.9133858267716536,1.5168889808934558,fusion,2.0,1.0,0.25,,
image_svr_pc2_C1.0_e0.25,svr,127,0.6870837545318278,1.461793204241461,-0.03716768674234028,0.2488970127133161,0.2812738467883351,2.8824240708100266,2.7950321674468337,0.24541837277820736,0.9133858267716536,0.9133858267716536,1.5202252701125205,image,2.0,1.0,0.25,,
fusion_svr_pc2_C0.3_e0.25,svr,127,0.6893383170952891,1.4619657053129531,-0.03741248620259263,0.25107656810242673,0.2784387288390879,2.8793517938080138,2.7933564734924063,0.24849641765970265,0.9133858267716536,0.9133858267716536,1.5209264455760545,fusion,2.0,0.3,0.25,,
image_svr_pc3_C1.0_e0.25,svr,127,0.6896564234539453,1.4631790926501937,-0.0391352428249494,0.25045750733334593,0.2783542467317227,2.8903776173817763,2.794030798035905,0.24873988782724893,0.9133858267716536,0.9133858267716536,1.5213853429315771,image,3.0,1.0,0.25,,
image_svr_pc2_C0.3_e0.25,svr,127,0.6897977363454348,1.4618485538832486,-0.03724623129515514,0.24965298109822243,0.2786757371928955,2.877110002899752,2.7953666168038174,0.24863092329701195,0.9133858267716536,0.9133858267716536,1.5219987700504147,image,2.0,0.3,0.25,,
image_svr_pc1_C10.0_e0.25,svr,127,0.6902077462785474,1.4622872937998737,-0.03786893549372361,0.2500126801464866,0.27861770835066096,2.878409763033057,2.7963825622252148,0.24891397531829323,0.9133858267716536,0.9133858267716536,1.522648268771754,image,1.0,10.0,0.25,,
image_svr_pc3_C0.3_e0.25,svr,127,0.6905581294804628,1.462066923661989,-0.03755614048083933,0.2503317705740091,0.2777810262558953,2.8794443773551612,2.7949789267844882,0.2496318671881908,0.9133858267716536,0.9133858267716536,1.5223053969863396,image,3.0,0.3,0.25,,
image_svr_pc1_C30.0_e0.25,svr,127,0.6906482421542888,1.4624977280774436,-0.03816767147470479,0.2500271968732388,0.27835475251279573,2.8796154410102526,2.7968950073345393,0.24933939611652195,0.9133858267716536,0.9133858267716536,1.5231172017255306,image,1.0,30.0,0.25,,
image_svr_pc1_C3.0_e0.25,svr,127,0.6907008636895733,1.4622469125798283,-0.03781161456183879,0.2499743273016115,0.27801481159400554,2.87755197883939,2.7960656991139663,0.24957680293398618,0.9133858267716536,0.9133858267716536,1.5228212510239763,image,1.0,3.0,0.25,,
image_svr_pc1_C1.0_e0.25,svr,127,0.6908264202637634,1.462022753342182,-0.037493450471878464,0.250046463071099,0.2777289008383296,2.875536174284505,2.795602858635586,0.24982564270014332,0.9133858267716536,0.9133858267716536,1.5227142506678646,image,1.0,1.0,0.25,,
image_svr_pc1_C0.3_e0.25,svr,127,0.6908683143304434,1.4619867022604585,-0.037442285331062974,0.2500284459150013,0.2776937386376915,2.8752708342137487,2.795622289248935,0.24987224339514041,0.9133858267716536,0.9133858267716536,1.5227472663220376,image,1.0,0.3,0.25,,
fusion_svr_pc3_C0.3_e0.25,svr,127,0.6913599601937319,1.462615995204701,-0.03833558431340678,0.25538284477694084,0.2773582525397154,2.881299910176276,2.7960730231169957,0.2503724612955243,0.9133858267716536,0.9133858267716536,1.52322274220626,fusion,3.0,0.3,0.25,,
fusion_svr_pc3_C3.0_e0.25,svr,127,0.6919465873486544,1.4623761282489351,-0.03799504110377594,0.3064618929494429,0.26695803696694287,2.879761616853672,2.767747438365475,0.25701688523084476,0.9133858267716536,0.9133858267716536,1.5123821617981599,fusion,3.0,3.0,0.25,,
fusion_svr_pc3_C1.0_e0.25,svr,127,0.6924157986219205,1.4660085470366637,-0.04315802938582047,0.2695221977942186,0.2768387318736232,2.8959680157579544,2.797621031203046,0.2513251784620655,0.9133858267716536,0.9133858267716536,1.5244731048325557,fusion,3.0,1.0,0.25,,
fusion_svr_pc1_C0.3_e0.25,svr,127,0.6926839884054194,1.4633138439135216,-0.039326649653031565,0.25127363268762615,0.2770517932895904,2.8769325530715357,2.7990100971651417,0.2513585179986204,0.9133858267716536,0.9133858267716536,1.5251843075818812,fusion,1.0,0.3,0.25,,
fusion_svr_pc1_C1.0_e0.25,svr,127,0.6968839814297817,1.4669755281320689,-0.04453461995280339,0.2531045602703035,0.27587673174934135,2.8817407731565194,2.807741149403378,0.254609146235314,0.9133858267716536,0.9133858267716536,1.531175147819346,fusion,1.0,1.0,0.25,,
image_svr_pc5_C0.3_e0.25,svr,127,0.7027272293414779,1.4667909103668595,-0.044271728705935987,0.254102160993952,0.26694113104528827,2.882081310043293,2.798815494752711,0.2635468308743623,0.9133858267716536,0.9133858267716536,1.5311811628135368,image,5.0,0.3,0.25,,
fusion_svr_pc5_C0.3_e0.25,svr,127,0.7028607781524471,1.4660198213916389,-0.043174074284284325,0.2584276539605117,0.2653698716819403,2.8779440620195214,2.7946657392947083,0.264577833913116,0.9133858267716536,0.9133858267716536,1.5296217866039121,fusion,5.0,0.3,0.25,,
image_svr_pc8_C0.3_e0.25,svr,127,0.7029480614278196,1.4559849113234216,-0.028941891905559514,0.2766487663932633,0.25593337682607925,2.86945090319801,2.767680514960118,0.27033745211629073,0.9133858267716536,0.9133858267716536,1.5190089835382043,image,8.0,0.3,0.25,,
image_svr_pc15_C0.3_e0.25,svr,127,0.7040276933115974,1.4581312285387409,-0.03197772482431316,0.2753056790800912,0.2539075843238601,2.8738510532639867,2.764949551356889,0.27221549448306015,0.9133858267716536,0.9133858267716536,1.5185825229199748,image,15.0,0.3,0.25,,
fusion_svr_pc8_C0.3_e0.25,svr,127,0.7044245184642387,1.4559807812050733,-0.028936054419571144,0.2780401695949877,0.2535147108833889,2.869614399792768,2.764960957435197,0.27269307410841864,0.9133858267716536,0.9133858267716536,1.518827015771808,fusion,8.0,0.3,0.25,,
fusion_svr_pc5_C1.0_e0.25,svr,127,0.7046356300878434,1.4709727986444647,-0.050234750385864224,0.2765014086997315,0.26260435380454306,2.876313572317923,2.791806317143933,0.2673236766094244,0.9133858267716536,0.9133858267716536,1.5295649968766787,fusion,5.0,1.0,0.25,,
fusion_svr_pc15_C0.3_e0.25,svr,127,0.7056225521462423,1.4590760516241972,-0.0333155362029105,0.27761651518640384,0.2528474754716665,2.8750905230072616,2.766493034260782,0.2738211177984339,0.9133858267716536,0.9133858267716536,1.520157076029608,fusion,15.0,0.3,0.25,,
image_svr_pc5_C1.0_e0.25,svr,127,0.7069294633922517,1.473910198784473,-0.05443338668825115,0.2612969036876365,0.2653716672836578,2.8914945516108634,2.8064146271781936,0.26703733383710193,0.9133858267716536,0.9133858267716536,1.5367259805076476,image,5.0,1.0,0.25,,
fusion_svr_pc1_C3.0_e0.25,svr,127,0.7087505067157021,1.4778128874735417,-0.060024735965861886,0.25912452472575964,0.2724574333518609,2.8952229775422125,2.8321229179222844,0.2638534300819421,0.9133858267716536,0.9133858267716536,1.5479881740021133,fusion,1.0,3.0,0.25,,
fusion_svr_pc5_C3.0_e0.25,svr,127,0.7089975943079951,1.4871541873675398,-0.07346798644329056,0.299719578577319,0.2544161699372831,2.868561744327287,2.7807624558897803,0.2749135280718116,0.8976377952755905,0.9133858267716536,1.527837991980796,fusion,5.0,3.0,0.25,,
image_svr_pc10_C0.3_e0.25,svr,127,0.7100699477924565,1.4565596345835385,-0.029754363995900368,0.2806080697289115,0.24814155054638462,2.871405770644592,2.765746824750745,0.2793566973821481,0.9133858267716536,0.9133858267716536,1.5225517610664465,image,10.0,0.3,0.25,,
fusion_svr_pc10_C0.3_e0.25,svr,127,0.7113676072694529,1.4572165267746229,-0.03068338896308398,0.2843582354550538,0.24671522043418276,2.8717032210065416,2.7653754345082207,0.2810040625146633,0.9133858267716536,0.9133858267716536,1.523189748511442,fusion,10.0,0.3,0.25,,
image_svr_pc5_C3.0_e0.25,svr,127,0.7115905789448712,1.4940369545731524,-0.08342731370670542,0.2785728025677372,0.2634742944180289,2.916972227944118,2.8143917935701896,0.27100365778528096,0.905511811023622,0.9133858267716536,1.5426977256777352,image,5.0,3.0,0.25,,
image_svr_pc3_C30.0_e0.25,svr,127,0.7128349660513059,1.4618010124868817,-0.037178766943624764,0.2701758877159435,0.19967188113660425,2.806191308846609,2.6406007990408185,0.3089221248535032,0.8740157480314961,0.905511811023622,1.4747614619471607,image,3.0,30.0,0.25,,
image_svr_pc8_C1.0_e0.25,svr,127,0.7138441257620923,1.4533155834648377,-0.025172532053901797,0.3226433306887184,0.22852367912451185,2.860663309448408,2.720016164104516,0.2935033177284414,0.9133858267716536,0.9133858267716536,1.5067597409164786,image,8.0,1.0,0.25,,
image_svr_pc15_C1.0_e0.25,svr,127,0.716076417794019,1.461034363431373,-0.036091144750902915,0.32431361751479315,0.22278826538753158,2.8765563900264297,2.7099048810012945,0.29832188264582826,0.9133858267716536,0.9133858267716536,1.5041133818235615,image,15.0,1.0,0.25,,
fusion_svr_pc8_C1.0_e0.25,svr,127,0.7163492584382217,1.4542038964513078,-0.026426151571268486,0.3415792322522826,0.2244634700803375,2.859029205737043,2.7155276482240227,0.29747378629262516,0.9133858267716536,0.9133858267716536,1.506500717258324,fusion,8.0,1.0,0.25,,
fusion_svr_pc15_C1.0_e0.25,svr,127,0.71972417341667,1.4640988994876203,-0.04044212881368692,0.32067928755650144,0.22107053339077512,2.8813822673876355,2.7154756310123984,0.30156672515851735,0.9133858267716536,0.9133858267716536,1.508521178085458,fusion,15.0,1.0,0.25,,
fusion_svr_pc2_C10.0_e0.25,svr,127,0.7227896566673986,1.4897508811853788,-0.07721998644697114,0.29764322086754724,0.23039381030100628,2.867487959092928,2.7512340978406233,0.29778224994538965,0.889763779527559,0.9133858267716536,1.5245081738930064,fusion,2.0,10.0,0.25,,
image_svr_pc10_C1.0_e0.25,svr,127,0.7290940986825887,1.4542569160751964,-0.026500999012835758,0.32599939332525985,0.21072269890083056,2.8651479416791044,2.712653029388505,0.31349127510611086,0.9133858267716536,0.9133858267716536,1.5130721522473078,image,10.0,1.0,0.25,,
fusion_svr_pc3_C10.0_e0.25,svr,127,0.7329117956888237,1.4716068087582375,-0.05114027760108186,0.34892977666214087,0.20505990957553616,2.838213155103909,2.7073274220130394,0.319224712078036,0.8976377952755905,0.9133858267716536,1.5132760670455376,fusion,3.0,10.0,0.25,,
fusion_svr_pc10_C1.0_e0.25,svr,127,0.7332675404738103,1.4564695307685707,-0.029626965261779103,0.3392424127456355,0.20658666531634848,2.867247534117823,2.7127610030761398,0.31851652926189356,0.9133858267716536,0.9133858267716536,1.5156387661690167,fusion,10.0,1.0,0.25,,
fusion_svr_pc1_C10.0_e0.25,svr,127,0.7382119291074078,1.5150758956548462,-0.11415567874170995,0.27983788101706963,0.2669833753468946,2.9314161368053884,2.9013591742203726,0.2849810777504056,0.905511811023622,0.9133858267716536,1.593170125985389,fusion,1.0,10.0,0.25,,
image_svr_pc5_C10.0_e0.25,svr,127,0.756148785022098,1.5336319000715277,-0.14161421415908415,0.2923511314605225,0.21455059833411944,2.8965586540630257,2.801791401959991,0.3275379509970156,0.84251968503937,0.9133858267716536,1.5646646764785035,image,5.0,10.0,0.25,,
fusion_svr_pc2_C30.0_e0.25,svr,127,0.7583436180897419,1.5082636231833741,-0.1041589931852902,0.29425095902722376,0.1638327827059262,2.817668440180271,2.662318612253533,0.3594155240744712,0.8346456692913385,0.8976377952755905,1.5108670681640022,fusion,2.0,30.0,0.25,,
image_svr_pc8_C3.0_e0.25,svr,127,0.7651413492737907,1.4637928906521396,-0.040007252164529605,0.41780054080114937,0.14412090302957845,2.8616506420347263,2.634506877622329,0.3734647623817159,0.8740157480314961,0.9133858267716536,1.5039858200020224,image,8.0,3.0,0.25,,
fusion_svr_pc8_C3.0_e0.25,svr,127,0.7662150678068085,1.4700139348047123,-0.048865991009919396,0.4141585752599166,0.14412794538014706,2.850014373437691,2.641736951442186,0.37324857790225324,0.8818897637795275,0.9133858267716536,1.5074927646722196,fusion,8.0,3.0,0.25,,
image_svr_pc15_C3.0_e0.25,svr,127,0.7700152562332867,1.4889414331233108,-0.07604970119213905,0.38698580507463554,0.1392205177516341,2.89932429113455,2.6747153312694154,0.37093524051143106,0.8740157480314961,0.9133858267716536,1.5228252858904232,image,15.0,3.0,0.25,,
fusion_svr_pc5_C10.0_e0.25,svr,127,0.7767947733161462,1.5543535229434848,-0.17267240166633036,0.3647482203610046,0.1937000971675771,2.897978666502578,2.8012011034416564,0.3526334470041347,0.8582677165354331,0.905511811023622,1.5769172752228955,fusion,5.0,10.0,0.25,,
fusion_svr_pc15_C3.0_e0.25,svr,127,0.7769021612486083,1.4961175575372083,-0.08644698690243469,0.387830032154481,0.1338974879138065,2.902928039753161,2.6771915041956316,0.37874629891685113,0.8740157480314961,0.9133858267716536,1.5279689015562414,fusion,15.0,3.0,0.25,,
image_svr_pc10_C3.0_e0.25,svr,127,0.777188815101919,1.4594461151379987,-0.03383975955727481,0.40358265249436975,0.1283198253243159,2.8710842181298517,2.6420114631119542,0.38646406980457837,0.8740157480314961,0.9133858267716536,1.5142377664582662,image,10.0,3.0,0.25,,
fusion_svr_pc1_C30.0_e0.25,svr,127,0.7872047642163165,1.560215081058334,-0.1815335106344178,0.2810207506438829,0.2322068198468751,2.959585615317324,2.942392526727849,0.335641613975805,0.8661417322834646,0.905511811023622,1.639017070351827,fusion,1.0,30.0,0.25,,
fusion_svr_pc10_C3.0_e0.25,svr,127,0.7909932889539183,1.4716133518559222,-0.0511496248380825,0.40761964655849603,0.11807303974403503,2.8753829907318615,2.648708494952123,0.4017577219828657,0.889763779527559,0.9133858267716536,1.5252331084674944,fusion,10.0,3.0,0.25,,
fusion_svr_pc3_C30.0_e0.25,svr,127,0.7922974489845216,1.5076888643637876,-0.10331762276370204,0.3502663315100314,0.10869575972992807,2.8047247614250264,2.614281515676394,0.41054840643955764,0.8267716535433071,0.8976377952755905,1.5124149610579758,fusion,3.0,30.0,0.25,,
image_svr_pc5_C30.0_e0.25,svr,127,0.7937273646115858,1.5503092937559342,-0.16657805295846684,0.25154996467614943,0.13594131485996933,2.8881101562673885,2.7254586138999457,0.38898367428450065,0.8031496062992126,0.8976377952755905,1.5572211440922232,image,5.0,30.0,0.25,,
fusion_svr_pc2_C10.0_e0.5,svr,127,0.7937503614364388,1.4406104860054636,-0.0073264644616473085,0.4436780992593743,0.07927145990688023,2.799507364144026,2.5199045723279867,0.43207995534487637,0.889763779527559,0.9133858267716536,1.4759922638364316,fusion,2.0,10.0,0.5,,
image_svr_pc3_C30.0_e0.5,svr,127,0.8019447121335763,1.4503027210352661,-0.02092637622743343,0.46432479323562603,0.06212869620480665,2.7300689594426713,2.5293245969257465,0.4400174981771217,0.84251968503937,0.905511811023622,1.4846710475514342,image,3.0,30.0,0.5,,
image_svr_pc3_C10.0_e0.5,svr,127,0.812907079203449,1.438081921492786,-0.0037934419758467453,0.47421244137740004,0.06056626079146825,2.740088850873084,2.5270545932472106,0.4537523619752323,0.8976377952755905,0.9133858267716536,1.4904034776112214,image,3.0,10.0,0.5,,
image_svr_pc2_C30.0_e0.5,svr,127,0.8153412709201925,1.4286590103276606,0.009318005660802542,0.4927540355161817,0.06515597211746615,2.7355013799512014,2.541435224222333,0.4536834902283155,0.9133858267716536,0.9133858267716536,1.4975593572253243,image,2.0,30.0,0.5,,
fusion_svr_pc3_C10.0_e0.5,svr,127,0.8169928226859356,1.4722669042719747,-0.05208347600541163,0.4800698569554793,0.06722833268807177,2.8348255631430495,2.55499935584628,0.452839072880911,0.8740157480314961,0.905511811023622,1.5039192143635955,fusion,3.0,10.0,0.5,,
fusion_svr_pc2_C30.0_e0.5,svr,127,0.8173542041530941,1.5000780366163933,-0.09220662220819786,0.4158671769219655,0.05512292140441442,2.8277948352757423,2.547751528109814,0.4547947648478765,0.7952755905511811,0.8976377952755905,1.5012731464788454,fusion,2.0,30.0,0.5,,
fusion_svr_pc2_C3.0_e0.5,svr,127,0.8319203142437109,1.4319577109938364,0.004737855868222507,0.4830334976178392,0.04728612936145994,2.7636474291790587,2.5377095076785614,0.4745168641906946,0.9133858267716536,0.9133858267716536,1.506113185934628,fusion,2.0,3.0,0.5,,
image_svr_pc2_C10.0_e0.5,svr,127,0.839872524619349,1.4316856750787283,0.00511596945148185,0.49690022575682313,0.04154271650162481,2.744675572265419,2.5440849005082655,0.4827994553854809,0.9133858267716536,0.9133858267716536,1.5134421779468732,image,2.0,10.0,0.5,,
fusion_svr_pc3_C3.0_e0.5,svr,127,0.8402746400675934,1.440461881691072,-0.007118656258976674,0.49356660179361,0.04533402602848799,2.7831653986113385,2.556188649868235,0.48074979991888755,0.905511811023622,0.9133858267716536,1.5184692248935612,fusion,3.0,3.0,0.5,,
image_svr_pc3_C3.0_e0.5,svr,127,0.8412040992169191,1.4331205010094452,0.003120837785122621,0.4926780681367404,0.040834632723451274,2.7495256409412274,2.5458845217369777,0.4840329630698591,0.9133858267716536,0.9133858267716536,1.5149587424034183,image,3.0,3.0,0.5,,
fusion_svr_pc2_C1.0_e0.5,svr,127,0.8468185187076934,1.4338363302389387,0.002124726908340091,0.4946160135812754,0.0341641986203101,2.7545480992082525,2.542836479560374,0.4914623745290366,0.9133858267716536,0.9133858267716536,1.5171494270447052,fusion,2.0,1.0,0.5,,
fusion_svr_pc3_C1.0_e0.5,svr,127,0.849597096417758,1.4361980183627476,-0.0011652037216600686,0.4980272324856845,0.033492052756315324,2.760881390401279,2.548916407843348,0.4935492406904916,0.9133858267716536,0.9133858267716536,1.52123282426692,fusion,3.0,1.0,0.5,,
image_svr_pc2_C3.0_e0.5,svr,127,0.8497821704929336,1.4341826205381702,0.0016426687436752463,0.4989664279254704,0.0319339796130673,2.7482167253454572,2.544953433260502,0.4946034297225857,0.9133858267716536,0.9133858267716536,1.519778431491544,image,2.0,3.0,0.5,,
image_svr_pc3_C1.0_e0.5,svr,127,0.8499755751563361,1.4342716183269382,0.0015187593468665161,0.4974848717452751,0.03196229051142989,2.7497835900512446,2.5455933849955974,0.4947032721423957,0.9133858267716536,0.9133858267716536,1.5201483285689965,image,3.0,1.0,0.5,,
fusion_svr_pc2_C0.3_e0.5,svr,127,0.8520324715310214,1.4350077420737781,0.0004935778410282143,0.4984049307775411,0.029567583990602615,2.751362006635078,2.5446183420737776,0.4973954319887294,0.9133858267716536,0.9133858267716536,1.5210068870312534,fusion,2.0,0.3,0.5,,
fusion_svr_pc3_C30.0_e0.5,svr,127,0.8521869881394694,1.514007336716368,-0.11258464038255322,0.46928024531299606,-0.00043885877677868465,2.720506271625008,2.502238306481951,0.5064619500105686,0.7952755905511811,0.889763779527559,1.50435012824626,fusion,3.0,30.0,0.5,,
image_svr_pc2_C1.0_e0.5,svr,127,0.8524885477948358,1.434990722427673,0.0005172866255968023,0.49955046589829344,0.029328157688676238,2.749321400636642,2.545243672645592,0.4978160454451538,0.9133858267716536,0.9133858267716536,1.5215298590453727,image,2.0,1.0,0.5,,
fusion_svr_pc3_C0.3_e0.5,svr,127,0.8528774773403996,1.4356462013246463,-0.0003960146864259162,0.49950826863878284,0.029322615258277177,2.753182669732247,2.5463502672734535,0.49805460706871213,0.9133858267716536,0.9133858267716536,1.5222024371710827,fusion,3.0,0.3,0.5,,
image_svr_pc3_C0.3_e0.5,svr,127,0.8529981418940215,1.4351377745111955,0.00031243018449911286,0.49932739438509977,0.028885044208564286,2.749979953937798,2.5454355598870086,0.4983922066954908,0.9133858267716536,0.9133858267716536,1.5219138832912498,image,3.0,0.3,0.5,,
image_svr_pc2_C0.3_e0.5,svr,127,0.853560243642267,1.4353353160986573,3.7204398913859293e-05,0.4997242455602784,0.028282371960555552,2.7497391353026424,2.5453184586717836,0.4990966176360827,0.9133858267716536,0.9133858267716536,1.5222075381539333,image,2.0,0.3,0.5,,
image_svr_pc1_C30.0_e0.5,svr,127,0.8537744015971203,1.4355952319334013,-0.0003249823238702376,0.49994697209412386,0.02843805475354267,2.751170718566564,2.546385953557595,0.4991319811863539,0.9133858267716536,0.9133858267716536,1.5227589673719744,image,1.0,30.0,0.5,,
image_svr_pc1_C10.0_e0.5,svr,127,0.8540309257896507,1.4356870524438983,-0.0004529477640800028,0.4999064156543582,0.028046916807185428,2.7513824607648387,2.545997409313595,0.49952366257511,0.9133858267716536,0.9133858267716536,1.5227605359443523,image,1.0,10.0,0.5,,
image_svr_pc1_C3.0_e0.5,svr,127,0.8540830413368238,1.4355796931870235,-0.00030332759595252945,0.5000658725704792,0.027912768951638463,2.7500547241105853,2.545760634241698,0.4996363075853264,0.9133858267716536,0.9133858267716536,1.522698470913512,image,1.0,3.0,0.5,,
image_svr_pc1_C0.3_e0.5,svr,127,0.8541469343856958,1.435585079654002,-0.0003108341258606373,0.499957676497214,0.027812563640838398,2.750067140334294,2.545655823849314,0.4997355480218899,0.9133858267716536,0.9133858267716536,1.522695685935602,image,1.0,0.3,0.5,,
image_svr_pc1_C1.0_e0.5,svr,127,0.8541630653074738,1.4356045746314101,-0.0003380023791379472,0.5001068298972786,0.027812899389814988,2.750123473689379,2.5457033526489923,0.49974510034067926,0.9133858267716536,0.9133858267716536,1.5227242264948357,image,1.0,1.0,0.5,,
image_svr_pc5_C0.3_e0.5,svr,127,0.8545333916224738,1.437666773573267,-0.003213972054529002,0.5000092556341027,0.02899474912144203,2.7529156441936085,2.550183497147211,0.4992543218934812,0.9133858267716536,0.9133858267716536,1.5247189095203462,image,5.0,0.3,0.5,,
fusion_svr_pc1_C0.3_e0.5,svr,127,0.854746129648204,1.4360277269189903,-0.0009277994665028988,0.49985319855222166,0.02776389166226697,2.750901568626297,2.547244834237041,0.5001273534486381,0.9133858267716536,0.9133858267716536,1.5236860938428394,fusion,1.0,0.3,0.5,,
image_svr_pc5_C1.0_e0.5,svr,127,0.8549857755057008,1.4428965057122747,-0.010525934734470388,0.4982106876157939,0.03222403077175218,2.7593522824463808,2.5608101226644666,0.4975749599105308,0.9133858267716536,0.9133858267716536,1.5291925412874987,image,5.0,1.0,0.5,,
image_svr_pc8_C0.3_e0.5,svr,127,0.8556634804744029,1.4346709738470178,0.0009626519771559483,0.5058160696610017,0.02223443895676242,2.7485262921986173,2.533932631085409,0.5040261346320969,0.9133858267716536,0.9133858267716536,1.518979382858753,image,8.0,0.3,0.5,,
fusion_svr_pc5_C0.3_e0.5,svr,127,0.855719807894965,1.438865612717316,-0.004887786391947868,0.501041933228878,0.02764675430892699,2.7545671826452165,2.549717122724871,0.5007870371686992,0.9133858267716536,0.9133858267716536,1.525252079946785,fusion,5.0,0.3,0.5,,
fusion_svr_pc1_C1.0_e0.5,svr,127,0.8557701638787466,1.437068596742219,-0.0023793217411138823,0.49939499376607444,0.028115490966606628,2.753015769090684,2.5512154128490874,0.500534016475437,0.9133858267716536,0.9133858267716536,1.5258747146622622,fusion,1.0,1.0,0.5,,
image_svr_pc5_C3.0_e0.5,svr,127,0.8561771912295547,1.4629050322867774,-0.03874600939090711,0.492546737595422,0.041564485666227606,2.7783598992545735,2.5912089310400996,0.49264673145972654,0.8976377952755905,0.9133858267716536,1.5419278312499132,image,5.0,3.0,0.5,,
fusion_svr_pc8_C0.3_e0.5,svr,127,0.8569533689284139,1.4358300798256851,-0.0006522938445618909,0.5051770812957468,0.020427299073340694,2.7486845772212805,2.5324396553687003,0.5058990993885442,0.9133858267716536,0.9133858267716536,1.5191693773786223,fusion,8.0,0.3,0.5,,
image_svr_pc15_C0.3_e0.5,svr,127,0.8574241454625329,1.4375841334989787,-0.0030986417208158645,0.5047619651059456,0.018462353227204374,2.751198645088614,2.5281269393999235,0.5073721314946986,0.9133858267716536,0.9133858267716536,1.5177495354473112,image,15.0,0.3,0.5,,
image_svr_pc10_C0.3_e0.5,svr,127,0.8581314762473775,1.4354175640138447,-7.73990818023762e-05,0.5101960454740002,0.01838210296628098,2.7498702232774392,2.5299369218212413,0.5078484305080918,0.9133858267716536,0.9133858267716536,1.5188926761646666,image,10.0,0.3,0.5,,
fusion_svr_pc15_C0.3_e0.5,svr,127,0.8587461297175121,1.438357290477975,-0.004177898579670325,0.5081191914781034,0.01737657366360359,2.7525342256365173,2.5288087120318563,0.5088282553278398,0.9133858267716536,0.9133858267716536,1.5188184836798482,fusion,15.0,0.3,0.5,,
fusion_svr_pc1_C3.0_e0.5,svr,127,0.8587687534431238,1.4400669230087473,-0.006566450427808235,0.49847754906165065,0.02894149303780959,2.7587274404547455,2.562254575069966,0.5018479146260708,0.9133858267716536,0.9133858267716536,1.5320512448480184,fusion,1.0,3.0,0.5,,
image_svr_pc8_C1.0_e0.5,svr,127,0.8588101910913837,1.4358469534872325,-0.000675813016618898,0.5186143085932908,0.009858405302027555,2.7451229511852437,2.507293448680983,0.5134136990249916,0.9133858267716536,0.9133858267716536,1.5103535738529872,image,8.0,1.0,0.5,,
fusion_svr_pc5_C1.0_e0.5,svr,127,0.8589080366883141,1.447191208248573,-0.016550437569616383,0.5024315485108666,0.02787834601504377,2.764802732159635,2.559587968257419,0.5025750986452634,0.9133858267716536,0.9133858267716536,1.5310815334513412,fusion,5.0,1.0,0.5,,
fusion_svr_pc10_C0.3_e0.5,svr,127,0.8596034054836527,1.4365205100032439,-0.0016148682581949014,0.5099255748854485,0.01701137340786085,2.750884513855293,2.5302290208914138,0.5095675622553598,0.9133858267716536,0.9133858267716536,1.5198982915733867,fusion,10.0,0.3,0.5,,
image_svr_pc5_C30.0_e0.5,svr,127,0.8629107922940933,1.5713113306586508,-0.19839940581172488,0.4107193385239487,0.03819502691981821,2.8755157049262787,2.674758723831569,0.48328551140052667,0.8031496062992126,0.8818897637795275,1.579022117616048,image,5.0,30.0,0.5,,
fusion_svr_pc8_C1.0_e0.5,svr,127,0.8631891736738645,1.4398923996430062,-0.006322491321216761,0.5162922963605379,0.0037166832506438756,2.7457839021478003,2.5022055415775584,0.5197762203988049,0.9133858267716536,0.9133858267716536,1.5109908809881816,fusion,8.0,1.0,0.5,,
image_svr_pc5_C10.0_e0.5,svr,127,0.8632516000212674,1.5418125205742104,-0.1538257764688451,0.4621706076187646,0.05484220610804172,2.842709061211193,2.651381470136162,0.48859581771147986,0.8267716535433071,0.905511811023622,1.569988643923821,image,5.0,10.0,0.5,,
image_svr_pc15_C1.0_e0.5,svr,127,0.8646958481685164,1.445886214486699,-0.014717930779992061,0.5164264139205379,-0.0029212312273732646,2.7538706433458775,2.4873949170801173,0.524701757539419,0.9133858267716536,0.9133858267716536,1.5060483373097682,image,15.0,1.0,0.5,,
image_svr_pc10_C1.0_e0.5,svr,127,0.8670434165495607,1.4380456061548157,-0.0037427457849208423,0.5341755926804765,-0.00304795758272907,2.7497018188450557,2.4938050747451728,0.5261981167371467,0.9133858267716536,0.9133858267716536,1.5100015957411597,image,10.0,1.0,0.5,,
fusion_svr_pc5_C3.0_e0.5,svr,127,0.868113924220152,1.4773117710857535,-0.05930596336791849,0.5085226315725766,0.028519733199235855,2.794447615839093,2.588010783915051,0.5077545821888397,0.8976377952755905,0.9133858267716536,1.5478826830519452,fusion,5.0,3.0,0.5,,
fusion_svr_pc15_C1.0_e0.5,svr,127,0.8690929038168944,1.4486976576896464,-0.018667889463301446,0.5272979878319415,-0.006378618366808785,2.7584774488294035,2.490107142094565,0.5294518253206204,0.9133858267716536,0.9133858267716536,1.5097794837075926,fusion,15.0,1.0,0.5,,
fusion_svr_pc1_C10.0_e0.5,svr,127,0.8695641851931739,1.4530373488315416,-0.024780034784114946,0.4958423798117799,0.0313547934783246,2.7790244195222633,2.600379779347281,0.50691710832279,0.905511811023622,0.9133858267716536,1.5536484438350355,fusion,1.0,10.0,0.5,,
fusion_svr_pc10_C1.0_e0.5,svr,127,0.8719813197031359,1.4418994375771665,-0.009129833097460294,0.5319978867766242,-0.007715117472721291,2.7531203301386706,2.49458653825597,0.5320068929587328,0.9133858267716536,0.9133858267716536,1.5132967156073514,fusion,10.0,1.0,0.5,,
image_svr_pc2_C30.0_e0.75,svr,127,0.8792501939376616,1.4276703019637462,0.010688740923828766,0.6325851949978478,-0.06692406177854641,2.767184943491905,2.354507534998315,0.5701486558106674,0.8740157480314961,0.9133858267716536,1.4623280954044913,image,2.0,30.0,0.75,,
fusion_svr_pc5_C10.0_e0.5,svr,127,0.8795919998028703,1.572252185740284,-0.19983496821334668,0.49787854433153456,0.03252753453375352,2.8672457502062554,2.638644193834186,0.5110286829582139,0.8110236220472441,0.905511811023622,1.5748364383962,fusion,5.0,10.0,0.5,,
fusion_svr_pc5_C30.0_e0.25,svr,127,0.8819120758903405,1.6099117060405799,-0.2580016685345967,0.4032220921140688,0.06971639649798704,2.933315852917157,2.802156623505253,0.47957512305673955,0.7637795275590551,0.889763779527559,1.6408658732809962,fusion,5.0,30.0,0.25,,
image_svr_pc3_C30.0_e0.75,svr,127,0.8847792481121406,1.45810933119054,-0.03194672980074387,0.5561460707085626,-0.07250396591574279,2.6573600024311115,2.414652732272191,0.5642343276214633,0.7559055118110236,0.8976377952755905,1.4894435299468272,image,3.0,30.0,0.75,,
image_svr_pc8_C3.0_e0.5,svr,127,0.8849133748810091,1.4640519259207168,-0.040375367621599434,0.5561308398713027,-0.03431376451796193,2.76246022413691,2.4792481057244617,0.5508622884185712,0.8188976377952756,0.9133858267716536,1.5150551970715165,image,8.0,3.0,0.5,,
fusion_svr_pc1_C30.0_e0.5,svr,127,0.8991929994417973,1.5044540570280265,-0.09858827669520775,0.489011272293137,0.03781679220128194,2.8338160986036343,2.7045509895152517,0.5209275158073594,0.8661417322834646,0.905511811023622,1.6127392526613056,fusion,1.0,30.0,0.5,,
fusion_svr_pc8_C3.0_e0.5,svr,127,0.8993721897196381,1.4778194384286798,-0.06003413389430157,0.5492168113840084,-0.04997666556878424,2.774974745525295,2.4875645894298675,0.5666080678755901,0.8267716535433071,0.9133858267716536,1.5270863286527288,fusion,8.0,3.0,0.5,,
fusion_svr_pc2_C30.0_e0.75,svr,127,0.8995623773731253,1.5312921520842588,-0.1381335197128184,0.4777436449770107,-0.06470006719990219,2.858466966387962,2.5178585604129,0.5604907961647915,0.7637795275590551,0.8740157480314961,1.5391746782888458,fusion,2.0,30.0,0.75,,
image_svr_pc10_C3.0_e0.5,svr,127,0.9105041955099865,1.4691410232455633,-0.04762070293668219,0.6024908901110617,-0.06583319013546647,2.7972799395283765,2.485509412869776,0.5805031023488877,0.8188976377952756,0.9133858267716536,1.533006257609332,image,10.0,3.0,0.5,,
image_svr_pc15_C3.0_e0.5,svr,127,0.918547041194958,1.4977615188040618,-0.08883591422010628,0.5634237039473646,-0.06471669397317846,2.8549184622232713,2.5577165735118346,0.5751019963285646,0.7952755905511811,0.9133858267716536,1.5664092849201996,image,15.0,3.0,0.5,,
image_svr_pc3_C10.0_e0.75,svr,127,0.9217737553888216,1.4537562847007646,-0.025794369881616763,0.6330868988847413,-0.10841339180290353,2.8034733745024325,2.3790269119612732,0.616444522583165,0.8267716535433071,0.9133858267716536,1.497735717272219,image,3.0,10.0,0.75,,
fusion_svr_pc2_C10.0_e0.75,svr,127,0.9219171952023756,1.4620675720872427,-0.03755706079131493,0.6203912354960188,-0.10827974655196099,2.8037843678332846,2.377820459673479,0.6168707969322399,0.8031496062992126,0.9133858267716536,1.4973456283028594,fusion,2.0,10.0,0.75,,
image_svr_pc8_C10.0_e0.25,svr,127,0.9250917278538808,1.5549140808191324,-0.17351837302768103,0.600074462454355,-0.047780109117881324,2.9118103506693416,2.621413995154042,0.569671824229085,0.7480314960629921,0.889763779527559,1.5955429096915634,image,8.0,10.0,0.25,,
fusion_svr_pc10_C3.0_e0.5,svr,127,0.9258609593109977,1.4820897775230852,-0.06616918032588681,0.59679159373019,-0.07986379156176507,2.808778916700039,2.4909464159221133,0.5979382922115258,0.8031496062992126,0.9133858267716536,1.5444423540668195,fusion,10.0,3.0,0.5,,
fusion_svr_pc1_C30.0_e0.75,svr,127,0.9275207656527412,1.514365939718292,-0.11311174937651924,0.5795854329633041,-0.03212252374751608,2.8107590752386984,2.584444925499172,0.5803557035896794,0.8031496062992126,0.905511811023622,1.5824003145444256,fusion,1.0,30.0,0.75,,
image_svr_pc10_C10.0_e0.25,svr,127,0.9290901591475133,1.530899480477791,-0.1375498878882917,0.5761961554510737,-0.08605921732433562,2.8759813390307394,2.5363742860668084,0.5923258658882324,0.6929133858267716,0.8976377952755905,1.5643500759775204,image,10.0,10.0,0.25,,
fusion_svr_pc15_C3.0_e0.5,svr,127,0.9306914109751061,1.5074406118483952,-0.10295431328835591,0.5835359661570791,-0.07497081315536619,2.8662444440634216,2.56082241342466,0.5891401533190092,0.8031496062992126,0.9133858267716536,1.5749812833718346,fusion,15.0,3.0,0.5,,
fusion_svr_pc3_C10.0_e0.75,svr,127,0.9360471813975094,1.491655330505079,-0.07997591321142328,0.6073944358303969,-0.12015923649197496,2.81281872061036,2.3888999610178256,0.6316399323342052,0.7716535433070866,0.905511811023622,1.5102699466760154,fusion,3.0,10.0,0.75,,
fusion_svr_pc5_C30.0_e0.5,svr,127,0.9420216532334641,1.645585385814067,-0.3143709270200401,0.43716029289757863,-0.03742489939748345,2.923684318177931,2.6988858728173213,0.5739167691301795,0.7165354330708661,0.8818897637795275,1.6364013209737505,fusion,5.0,30.0,0.5,,
fusion_svr_pc3_C30.0_e0.75,svr,127,0.9452870691278837,1.5496548084452983,-0.16559328554531194,0.616269427023985,-0.14762670922933477,2.8333697749830944,2.4358473401333303,0.6329792028219806,0.7244094488188977,0.8582677165354331,1.5344132714776555,fusion,3.0,30.0,0.75,,
fusion_svr_pc8_C10.0_e0.25,svr,127,0.9454091544691986,1.5803174032562621,-0.21217618175784891,0.561562047617377,-0.07428861440429452,2.8940206547411638,2.6183761495896754,0.5948827364439555,0.7165354330708661,0.8740157480314961,1.6066294430168155,fusion,8.0,10.0,0.25,,
image_svr_pc15_C10.0_e0.25,svr,127,0.9530534675677877,1.598043832199214,-0.23952267293534346,0.4557493179285501,-0.08261483669283656,2.9685101108958687,2.7151047913536117,0.5838617616317106,0.7007874015748031,0.889763779527559,1.6494832764926612,image,15.0,10.0,0.25,,
fusion_svr_pc1_C10.0_e0.75,svr,127,0.9578708744235402,1.4755861215208084,-0.05683265574054652,0.6405295027938855,-0.10789145515970844,2.8238017131826236,2.453349687420605,0.6445324564622504,0.8582677165354331,0.9133858267716536,1.5489410719414278,fusion,1.0,10.0,0.75,,
image_svr_pc2_C10.0_e0.75,svr,127,0.965306307492894,1.4499314930968898,-0.02040379858440544,0.7055041351693223,-0.1571073979380419,2.7962282244558607,2.3327559434878684,0.6787930504272803,0.9133858267716536,0.9133858267716536,1.5057744969575744,image,2.0,10.0,0.75,,
fusion_svr_pc10_C10.0_e0.25,svr,127,0.9725755401061525,1.5681868979160443,-0.19363829243651387,0.7029710180324784,-0.1235742953870277,2.8992678845929856,2.5555549434811202,0.6409036651133022,0.6850393700787402,0.8818897637795275,1.5982293042972113,fusion,10.0,10.0,0.25,,
image_svr_pc5_C30.0_e0.75,svr,127,0.9754785845015124,1.6330861213348735,-0.29447979660626467,0.5301812880797385,-0.0901512260430451,2.959120385644482,2.671427617791664,0.6201368822883379,0.7322834645669292,0.8740157480314961,1.645782250040001,image,5.0,30.0,0.75,,
fusion_svr_pc15_C10.0_e0.25,svr,127,0.9763931335162248,1.6166628531946468,-0.26857462344650407,0.4752603037286285,-0.10810252095042908,2.9683615279283275,2.6995956102926537,0.6153411860011635,0.6850393700787402,0.8740157480314961,1.6574683981469085,fusion,15.0,10.0,0.25,,
fusion_svr_pc2_C3.0_e0.75,svr,127,0.9854668149095889,1.4581407205386003,-0.03199116060308271,0.7134399182898914,-0.18204690397283554,2.7695187928687783,2.318962015658357,0.7060678204669902,0.905511811023622,0.9133858267716536,1.5125149180626736,fusion,2.0,3.0,0.75,,
image_svr_pc3_C3.0_e0.75,svr,127,0.986809757390763,1.4502371904451667,-0.02083411907937527,0.7141179070271768,-0.18273265884269144,2.722721961922837,2.3208588980819345,0.7072946993411844,0.8976377952755905,0.9133858267716536,1.5140767987115593,image,3.0,3.0,0.75,,
fusion_svr_pc3_C3.0_e0.75,svr,127,0.9877465954014852,1.4567168373519799,-0.029976653517937768,0.7021495557335484,-0.18379353876661758,2.726133821278763,2.320500868014278,0.7085028430445193,0.889763779527559,0.9133858267716536,1.5145018555293985,fusion,3.0,3.0,0.75,,
image_svr_pc5_C10.0_e0.75,svr,127,0.9950612388362343,1.5959310694157876,-0.2362473106960592,0.638761104505285,-0.11335762573727769,2.884564921932944,2.590553718506132,0.6607675764292084,0.7559055118110236,0.889763779527559,1.62566064746767,image,5.0,10.0,0.75,,
image_svr_pc5_C3.0_e0.75,svr,127,0.9953758620968962,1.4948227029039047,-0.08456721196698957,0.6801717244111636,-0.160717515084855,2.715181439353095,2.409127501602937,0.6991612328670591,0.84251968503937,0.9133858267716536,1.5541443672349982,image,5.0,3.0,0.75,,
image_svr_pc8_C1.0_e0.75,svr,127,0.9982338532680636,1.4484791327276605,-0.01836059612081975,0.7247468901709961,-0.20707317983946072,2.652409012863766,2.2916281045438183,0.7272369625245722,0.889763779527559,0.9133858267716536,1.5094325335341952,image,8.0,1.0,0.75,,
fusion_svr_pc1_C3.0_e0.75,svr,127,0.9993700298714052,1.4562281471769376,-0.029285709293751072,0.714805955260875,-0.18683867232475818,2.6971333946463547,2.345260963827822,0.7173738341852989,0.905511811023622,0.9133858267716536,1.5313173990065605,fusion,1.0,3.0,0.75,,
image_svr_pc1_C30.0_e0.75,svr,127,1.0025098717214462,1.4472318024310733,-0.016607467508039653,0.7493897979389565,-0.2041193967382731,2.63807137447814,2.304445234610523,0.7297234147351636,0.9133858267716536,0.9133858267716536,1.5170843246728432,image,1.0,30.0,0.75,,
image_svr_pc2_C3.0_e0.75,svr,127,1.0034161494211673,1.455836149149732,-0.02873164273117723,0.7370547196983583,-0.20135063285936355,2.722887183728626,2.315052740985206,0.7285970540458448,0.9133858267716536,0.9133858267716536,1.5218248975155255,image,2.0,3.0,0.75,,
fusion_weighted_ridge_pc2_a1000.0_b0.1,ridge,127,1.0035851736957337,1.4843363785030161,-0.0694038995265065,0.6696188833867716,-0.18827553387251586,2.6635110500153014,2.354635778268539,0.7205079041661938,0.8031496062992126,0.9133858267716536,1.5375718412173665,fusion,2.0,,,1000.0,0.1
image_svr_pc8_C3.0_e0.75,svr,127,1.00649927358102,1.4863889660943608,-0.0723635559699971,0.7452487471196996,-0.21351779971911183,2.7291338758196404,2.363549589378132,0.7221649216997207,0.7007874015748031,0.9133858267716536,1.5428572555389264,image,8.0,3.0,0.75,,
fusion_svr_pc2_C1.0_e0.75,svr,127,1.0069490966221226,1.4531440921348129,-0.024930605482223145,0.7377362017095237,-0.20899618025665864,2.673113396398954,2.3031822813275893,0.7353573817314535,0.9133858267716536,0.9133858267716536,1.5192698315295214,fusion,2.0,1.0,0.75,,
image_svr_pc3_C1.0_e0.75,svr,127,1.007405279723681,1.450649207756296,-0.02141424635615019,0.737870397757181,-0.20919459225563988,2.6575060120393843,2.303926302464574,0.7357532559113039,0.9133858267716536,0.9133858267716536,1.519839779187939,image,3.0,1.0,0.75,,
fusion_svr_pc8_C1.0_e0.75,svr,127,1.0075182854618152,1.4538846078901926,-0.025975471784684068,0.7308400111253004,-0.2186465134580006,2.654178985667075,2.28785384509065,0.7392575015395833,0.8740157480314961,0.9133858267716536,1.5135556733151168,fusion,8.0,1.0,0.75,,
fusion_svr_pc3_C1.0_e0.75,svr,127,1.0076767349290305,1.4521263766575099,-0.023495479426111743,0.7341803765113841,-0.20956477708742913,2.658643174676495,2.3036413328609857,0.7361412953623351,0.9133858267716536,0.9133858267716536,1.5198913141116603,fusion,3.0,1.0,0.75,,
image_svr_pc5_C1.0_e0.75,svr,127,1.009924777702379,1.4632829208425309,-0.0392827235570441,0.726690777355854,-0.20119360432607802,2.6553314784699227,2.3342922504270507,0.7324382596076859,0.905511811023622,0.9133858267716536,1.5333652550173684,image,5.0,1.0,0.75,,
image_svr_pc8_C10.0_e0.5,svr,127,1.0109574840951105,1.571000471782075,-0.1979252843109791,0.6883858058921781,-0.18629090655541367,2.8736157683327432,2.5165765480274405,0.6954944421283366,0.6614173228346457,0.8818897637795275,1.6060354950778886,image,8.0,10.0,0.5,,
image_svr_pc8_C0.3_e0.75,svr,127,1.011034814343848,1.4496384703052005,-0.019991404815612013,0.7424538483951455,-0.21784091303415043,2.6308144418989023,2.2894460333257185,0.7431772256047895,0.9133858267716536,0.9133858267716536,1.516311629465254,image,8.0,0.3,0.75,,
image_svr_pc10_C10.0_e0.5,svr,127,1.0112783806224195,1.5677497101098545,-0.19297284705387985,0.7114354704305885,-0.20940452770537027,2.863265591100908,2.4588050014468403,0.7079870886401598,0.6220472440944882,0.8818897637795275,1.5833960450435,image,10.0,10.0,0.5,,
image_svr_pc1_C10.0_e0.75,svr,127,1.0115514137879615,1.4498420925003102,-0.020277969334691726,0.7496909872746436,-0.21512731011995873,2.6288513116994934,2.2987695719508263,0.7418485616014564,0.9133858267716536,0.9133858267716536,1.5203090667761414,image,1.0,10.0,0.75,,
fusion_svr_pc1_C1.0_e0.75,svr,127,1.0115854006912846,1.4531997010183433,-0.02500905102320128,0.7387393187008993,-0.21061820804403864,2.6485382860804574,2.3118825787772783,0.739142182425648,0.9133858267716536,0.9133858267716536,1.5255123806014632,fusion,1.0,1.0,0.75,,
image_svr_pc2_C1.0_e0.75,svr,127,1.0129543311743292,1.4533464172404273,-0.02521603296378605,0.7459248741587157,-0.215485371296538,2.657274616434483,2.301785406919988,0.7429135343514292,0.9133858267716536,0.9133858267716536,1.5223494706357086,image,2.0,1.0,0.75,,
fusion_weighted_ridge_pc15_a1000.0_b0.1,ridge,127,1.0134506856451369,1.5385210716871656,-0.14890467898772441,0.7004737703041233,-0.20928309538504403,2.772084697921752,2.4149280792292203,0.7198078031799003,0.7165354330708661,0.8976377952755905,1.5673679412045602,fusion,15.0,,,1000.0,0.1
fusion_svr_pc8_C0.3_e0.75,svr,127,1.0135619331987347,1.4513581307094843,-0.022412807459098127,0.744335504919956,-0.221323853356286,2.630534471705436,2.286687184999795,0.7468118804404172,0.9133858267716536,0.9133858267716536,1.5167495327201062,fusion,8.0,0.3,0.75,,
image_svr_pc3_C30.0_e1.0,svr,127,1.0138876967236332,1.5089270210799333,-0.10513051810142993,0.7361816844921218,-0.26230485639928103,2.7890029866548,2.300669366339179,0.7442762992803761,0.6141732283464567,0.889763779527559,1.5224728328097776,image,3.0,30.0,1.0,,
image_svr_pc10_C1.0_e0.75,svr,127,1.0142328981608917,1.453574076135226,-0.025537247268396346,0.7261972291747139,-0.22721374324839375,2.6521506025735904,2.284084288940056,0.7481687972357338,0.8976377952755905,0.9133858267716536,1.516126543087895,image,10.0,1.0,0.75,,
fusion_svr_pc2_C0.3_e0.75,svr,127,1.0144627101534038,1.4525524653374484,-0.02409620375125976,0.7461844254831789,-0.21838690927766616,2.639503644125519,2.2977642434367884,0.7455804841321232,0.9133858267716536,0.9133858267716536,1.5216723637844558,fusion,2.0,0.3,0.75,,
image_svr_pc3_C0.3_e0.75,svr,127,1.0146322887129797,1.4518282807037077,-0.02307531138806307,0.7460349041902568,-0.2184848277601523,2.634699903859272,2.2979710804774793,0.745742256152799,0.9133858267716536,0.9133858267716536,1.521856668315139,image,3.0,0.3,0.75,,
fusion_svr_pc3_C0.3_e0.75,svr,127,1.0147458435264807,1.452233518579195,-0.02364651768248871,0.7456088506401528,-0.2185944689286621,2.6351711881016495,2.2979823766800678,0.745877236580015,0.9133858267716536,0.9133858267716536,1.5219298066300415,fusion,3.0,0.3,0.75,,
fusion_svr_pc5_C3.0_e0.75,svr,127,1.0149856960965855,1.505528691191305,-0.10015828427816098,0.6882805841214932,-0.19072683279212116,2.701033671398713,2.3795966000250517,0.7290672209877644,0.84251968503937,0.9133858267716536,1.554331910506408,fusion,5.0,3.0,0.75,,
image_svr_pc1_C3.0_e0.75,svr,127,1.0152952777559794,1.4517673878494777,-0.02298949315435883,0.7497602098342817,-0.21938237424066212,2.629748273960815,2.297294062419211,0.7466860085884454,0.9133858267716536,0.9133858267716536,1.5219900355038283,image,1.0,3.0,0.75,,
image_svr_pc10_C0.3_e0.75,svr,127,1.0153271703360986,1.4514508376588657,-0.022543426908038233,0.7426191010062393,-0.22384477789566498,2.6294510078801228,2.2845059963621606,0.7494039877401619,0.9133858267716536,0.9133858267716536,1.5169549920511614,image,10.0,0.3,0.75,,
image_svr_pc5_C0.3_e0.75,svr,127,1.0154023799177587,1.4553468131925131,-0.028040203955282728,0.7431687881486262,-0.2160914683752709,2.634114142811616,2.3071019492249083,0.7447605653962609,0.9133858267716536,0.9133858267716536,1.5259312573105845,image,5.0,0.3,0.75,,
fusion_svr_pc1_C0.3_e0.75,svr,127,1.0157966767269435,1.4525959214972526,-0.024157480648379526,0.7463592783860005,-0.21880402298528762,2.631830291591925,2.3004106142088703,0.7466394707783492,0.9133858267716536,0.9133858267716536,1.5235250424936098,fusion,1.0,0.3,0.75,,
image_svr_pc2_C0.3_e0.75,svr,127,1.016169515507619,1.4526681174259795,-0.024259287127168738,0.7484970164257749,-0.22025233777153594,2.634735679120829,2.2973063993746035,0.7477408350783462,0.9133858267716536,0.9133858267716536,1.522523617226475,image,2.0,0.3,0.75,,
fusion_svr_pc5_C1.0_e0.75,svr,127,1.0166238708233257,1.4669307429960248,-0.044470843959141027,0.7292384877858389,-0.2113656176193743,2.6506468335478752,2.3242681399295866,0.7426412620582042,0.8976377952755905,0.9133858267716536,1.5334547009938955,fusion,5.0,1.0,0.75,,
image_svr_pc1_C1.0_e0.75,svr,127,1.016652573603605,1.4522162970275123,-0.023622239662932643,0.7497965531699258,-0.22103750597003863,2.6277185801684206,2.2964343997605208,0.74850781002787,0.9133858267716536,0.9133858267716536,1.5224711048941955,image,1.0,1.0,0.75,,
image_svr_pc1_C0.3_e0.75,svr,127,1.017133450610652,1.4523105451390692,-0.023755109117442386,0.7497763716245593,-0.22169708563484616,2.626059144880163,2.2959185989074395,0.7491975147770393,0.9133858267716536,0.9133858267716536,1.5225580568422394,image,1.0,0.3,0.75,,
fusion_svr_pc5_C0.3_e0.75,svr,127,1.0174161385637774,1.4564429597665953,-0.029589397746639046,0.7441942307831688,-0.21915580139561214,2.6326786973773944,2.304069609553567,0.747831601784964,0.9133858267716536,0.9133858267716536,1.5259506056692653,fusion,5.0,0.3,0.75,,
fusion_svr_pc10_C0.3_e0.75,svr,127,1.0174720924185519,1.4531456246135004,-0.024932767257019872,0.745816879858582,-0.2261230712950446,2.6299498470780405,2.28412103824285,0.7520789799601273,0.9133858267716536,0.9133858267716536,1.5181000091014887,fusion,10.0,0.3,0.75,,
image_svr_pc15_C0.3_e0.75,svr,127,1.017755296589558,1.4550890140794748,-0.027676023573093067,0.7478677961063092,-0.22759690730878726,2.6286008129773037,2.280684441787679,0.7531415709289994,0.9133858267716536,0.9133858267716536,1.5169130063583391,image,15.0,0.3,0.75,,
fusion_svr_pc15_C0.3_e0.75,svr,127,1.019298904102865,1.4560700992689712,-0.029062299760653554,0.7487003253587989,-0.22896705728913336,2.6300433060512476,2.2811851033032706,0.7549037004608752,0.9133858267716536,0.9133858267716536,1.518044401882073,fusion,15.0,0.3,0.75,,
fusion_svr_pc10_C1.0_e0.75,svr,127,1.0214151673701193,1.459142858149893,-0.033410162937725474,0.735122041503983,-0.23481527413239253,2.6542802116506166,2.2829668047314,0.7570900623991842,0.889763779527559,0.9133858267716536,1.520028433565292,fusion,10.0,1.0,0.75,,
fusion_weighted_ridge_pc3_a1000.0_b0.1,ridge,127,1.0227289415248335,1.5103473248007857,-0.10721194375215126,0.7204028896911989,-0.2015551206724761,2.7516436789359666,2.3900368627688393,0.7362453770737085,0.7716535433070866,0.9133858267716536,1.563141119921274,fusion,3.0,,,1000.0,0.1
image_svr_pc15_C1.0_e0.75,svr,127,1.0251049855418766,1.4658547593658093,-0.042939181508665936,0.7429168746688344,-0.23962375251351906,2.657861057980016,2.2881237102138545,0.7604724908487003,0.8818897637795275,0.9133858267716536,1.5242981005312775,image,15.0,1.0,0.75,,
fusion_svr_pc8_C3.0_e0.75,svr,127,1.0261817069382424,1.5021273410377793,-0.09519285717343062,0.7551852024130898,-0.23787296057485052,2.741540033839178,2.358967520526282,0.7469313459959865,0.6692913385826772,0.9133858267716536,1.5529494332611342,fusion,8.0,3.0,0.75,,
fusion_svr_pc15_C1.0_e0.75,svr,127,1.030101774127694,1.469261770979696,-0.04779291652611306,0.7453560896106577,-0.24420428188241144,2.6622297646560225,2.2888925945226095,0.7663551260449498,0.8740157480314961,0.9133858267716536,1.5276238602837797,fusion,15.0,1.0,0.75,,
fusion_weighted_ridge_pc10_a1.0_b0.1,ridge,127,1.0328621182783753,1.5471515631981563,-0.16183062921698244,0.7578087208090736,-0.25227184624256976,2.6940544097229373,2.2945735945149637,0.7685035232573758,0.6535433070866141,0.8818897637795275,1.5315385588861696,fusion,10.0,,,1.0,0.1
fusion_svr_pc1_C30.0_e1.0,svr,127,1.0329262205646974,1.5743912801635054,-0.20310200927993316,0.7489388184000934,-0.1907430944287978,2.8629315050375386,2.4361948588413997,0.7389080296876741,0.7007874015748031,0.8976377952755905,1.5875514442645369,fusion,1.0,30.0,1.0,,
fusion_weighted_ridge_pc10_a1000.0_b0.1,ridge,127,1.0333407657606184,1.524340985537097,-0.12782405762249804,0.7562807829323894,-0.23282987789969492,2.6995542663378185,2.351376067012362,0.7571809883554909,0.6929133858267716,0.9133858267716536,1.5542785276839264,fusion,10.0,,,1000.0,0.1
fusion_weighted_ridge_pc2_a100.0_b0.1,ridge,127,1.0334215001546467,1.5199855643663358,-0.12138831757633373,0.7459400235358622,-0.21142398021322303,2.67239354222823,2.3725837507400183,0.7528351238415211,0.7401574803149606,0.9133858267716536,1.5627094372907697,fusion,2.0,,,100.0,0.1
image_svr_pc2_C30.0_e1.0,svr,127,1.0339022890169347,1.4686877880488391,-0.04697441326636209,0.8738266897181273,-0.29342588101294903,2.7398451887734656,2.1734685243932526,0.7951360301761822,0.7165354330708661,0.9133858267716536,1.4843022772847174,image,2.0,30.0,1.0,,
fusion_svr_pc5_C10.0_e0.75,svr,127,1.034126755331209,1.616290268060143,-0.26798996526529084,0.6140021911729203,-0.1610366708556284,2.866357430938298,2.589310238004692,0.7082787875329555,0.7165354330708661,0.8818897637795275,1.648794512768824,fusion,5.0,10.0,0.75,,
fusion_svr_pc2_C30.0_e1.0,svr,127,1.03591374157815,1.5861997854513485,-0.22121709265160017,0.6993049594977716,-0.24970001506334374,2.8644494583177087,2.4489760214246887,0.739843549610304,0.6929133858267716,0.8503937007874016,1.5944097855174963,fusion,2.0,30.0,1.0,,
fusion_weighted_ridge_pc5_a1.0_b0.1,ridge,127,1.0369437303288702,1.514477893062678,-0.1132763346805703,0.7931388484213464,-0.26973075260447177,2.715462155005067,2.2954498246213606,0.7732567391437771,0.6299212598425197,0.889763779527559,1.534353281882569,fusion,5.0,,,1.0,0.1
fusion_weighted_ridge_pc3_a1.0_b0.1,ridge,127,1.0370020863872058,1.5060005655014712,-0.10084803239171003,0.7918419840204542,-0.25821202992646336,2.7166180191991867,2.284175166766293,0.7756896314506352,0.6377952755905512,0.8976377952755905,1.5299323991084641,fusion,3.0,,,1.0,0.1
image_svr_pc15_C10.0_e0.5,svr,127,1.0376019307374482,1.631481700103693,-0.29193752939345585,0.6735764943983966,-0.209150107627713,2.957322745631536,2.641879785529811,0.7014675230666675,0.6456692913385826,0.8503937007874016,1.671673654298239,image,15.0,10.0,0.5,,
fusion_weighted_ridge_pc5_a1000.0_b0.1,ridge,127,1.037693000986208,1.5174905777714944,-0.1177099240241315,0.7859326077730007,-0.2282702862516765,2.7468122805680775,2.3846263848988483,0.755478387214036,0.7401574803149606,0.9133858267716536,1.5700523860564422,fusion,5.0,,,1000.0,0.1
image_svr_pc10_C3.0_e0.75,svr,127,1.04217550702116,1.4977010717409969,-0.08874802892699507,0.7447410444342868,-0.25531764157356474,2.759438010498878,2.363138732417559,0.765402259795248,0.7007874015748031,0.9133858267716536,1.5642704961064033,image,10.0,3.0,0.75,,
fusion_weighted_ridge_pc8_a1000.0_b0.1,ridge,127,1.0426356181163619,1.516712003763243,-0.11656329857828984,0.7704325505516163,-0.24599991548097988,2.725620982315812,2.331242063482517,0.7726418867063105,0.7086614173228346,0.9133858267716536,1.551941975094414,fusion,8.0,,,1000.0,0.1
fusion_weighted_ridge_pc10_a10.0_b0.1,ridge,127,1.042892827975038,1.5471989419246694,-0.16190178824210788,0.751544564883698,-0.25875190431391026,2.6722077778601006,2.307528606345646,0.77792152203072,0.6535433070866141,0.889763779527559,1.5427250641881831,fusion,10.0,,,10.0,0.1
fusion_svr_pc8_C10.0_e0.5,svr,127,1.0434910018450545,1.6158991371594975,-0.26737635017559236,0.716570170707099,-0.21869847206666954,2.913399968001043,2.5461711130190854,0.7286437404562098,0.6220472440944882,0.8661417322834646,1.6374074267376475,fusion,8.0,10.0,0.5,,
fusion_weighted_ridge_pc10_a100.0_b0.1,ridge,127,1.0438992450004683,1.5442280614043684,-0.15744398102573598,0.7863655757221135,-0.25102991937221125,2.6945774282082695,2.3473737009632987,0.7707903113701613,0.6929133858267716,0.8976377952755905,1.5590820061667299,fusion,10.0,,,100.0,0.1
fusion_weighted_ridge_pc5_a10.0_b0.1,ridge,127,1.046263545514505,1.5284622959460996,-0.13393082316544613,0.7986434370852376,-0.27247036966485255,2.6859753520436094,2.3173064635462945,0.7799497912602256,0.6377952755905512,0.9133858267716536,1.54862812740326,fusion,5.0,,,10.0,0.1
image_svr_pc10_C30.0_e0.25,svr,127,1.0468205111800037,1.6091595493447755,-0.2568264570775389,0.5669941286342919,-0.2913525729753737,2.8098999373174895,2.3339359176000225,0.7771391879300947,0.6220472440944882,0.8188976377952756,1.5555375527650586,image,10.0,30.0,0.25,,
fusion_weighted_ridge_pc15_a100.0_b0.1,ridge,127,1.049464381218863,1.5942054932513918,-0.23357540879821226,0.7168182081497072,-0.2390871283673421,2.8277812814538077,2.468357496161324,0.7521724904690142,0.6299212598425197,0.889763779527559,1.6102649933151691,fusion,15.0,,,100.0,0.1
fusion_weighted_ridge_pc2_a10.0_b0.1,ridge,127,1.0495745910883059,1.5179842738621478,-0.11843730749530712,0.8130107173452839,-0.23547464050502565,2.660451360877248,2.349788493729013,0.7771488210112052,0.6692913385826772,0.9133858267716536,1.563468657370109,fusion,2.0,,,10.0,0.1
fusion_weighted_ridge_pc5_a100.0_b0.1,ridge,127,1.0501898285080666,1.5316387191523786,-0.1386487502414291,0.7792065044302863,-0.25582458815617115,2.734264755598614,2.3764459541273215,0.7723075926640325,0.6614173228346457,0.9133858267716536,1.574376773395677,fusion,5.0,,,100.0,0.1
fusion_weighted_ridge_pc3_a100.0_b0.1,ridge,127,1.0519023155889893,1.5432752383730892,-0.15601608436730974,0.7951450405940754,-0.2338708699744826,2.749593753611881,2.37530538127961,0.7746178637300023,0.7086614173228346,0.9133858267716536,1.5749616225048062,fusion,3.0,,,100.0,0.1
fusion_svr_pc10_C10.0_e0.5,svr,127,1.0555523428284936,1.5991638656514677,-0.24126078968441256,0.7516973542765282,-0.2524734591424859,2.8776586337168837,2.4607165770507664,0.7611369794676365,0.5748031496062992,0.8661417322834646,1.6109267782592014,fusion,10.0,10.0,0.5,,
fusion_weighted_ridge_pc2_a1.0_b0.1,ridge,127,1.055922795697221,1.5013354078839944,-0.09403837328792797,0.8560824773489877,-0.2650447983538542,2.68018940761629,2.306842445036132,0.7938253453595446,0.6141732283464567,0.905511811023622,1.5503338951978383,fusion,2.0,,,1.0,0.1
fusion_svr_pc10_C3.0_e0.75,svr,127,1.0587216853091603,1.5113581253762767,-0.10869444377608994,0.7931382006638295,-0.27040440825648154,2.769728661090513,2.372593160973722,0.7834343285032525,0.6771653543307087,0.9133858267716536,1.5780137447384872,fusion,10.0,3.0,0.75,,
fusion_weighted_ridge_pc3_a10.0_b0.1,ridge,127,1.0590719434224851,1.5364997275990222,-0.14588774778379632,0.8084399171596779,-0.25501657767381797,2.72091536439568,2.3340047057820046,0.791943174166205,0.6535433070866141,0.905511811023622,1.5629739399741047,fusion,3.0,,,10.0,0.1
fusion_weighted_ridge_pc15_a1.0_b0.1,ridge,127,1.0600804160982888,1.6081594002452833,-0.25526461914707665,0.6663201602654212,-0.24848273513716007,2.7698517152328805,2.406625422397267,0.7779471766832652,0.6141732283464567,0.8582677165354331,1.592286299540266,fusion,15.0,,,1.0,0.1
image_svr_pc8_C30.0_e0.25,svr,127,1.0639581453895215,1.6500430941544284,-0.3215015421754026,0.565017966199985,-0.2641108717414024,2.846351782225563,2.462859719457138,0.7708549584420206,0.6377952755905512,0.7952755905511811,1.6168573389495795,image,8.0,30.0,0.25,,
fusion_svr_pc5_C30.0_e0.75,svr,127,1.0659524189355942,1.7229643414538476,-0.4408861914075153,0.6320409135643299,-0.1833567108489446,3.0011260220279783,2.7020866798917216,0.723143335687644,0.6535433070866141,0.84251968503937,1.7126150077896827,fusion,5.0,30.0,0.75,,
fusion_svr_pc15_C10.0_e0.5,svr,127,1.0667136733299851,1.6567623950530261,-0.33228628616707234,0.7199687056794932,-0.23851239930203882,2.9636968649569653,2.6365039816890996,0.7378052277690278,0.6456692913385826,0.8503937007874016,1.6871546047290638,fusion,15.0,10.0,0.5,,
fusion_weighted_ridge_pc8_a100.0_b0.1,ridge,127,1.066860579679428,1.5386808258768014,-0.14914328717906877,0.781624367500589,-0.2824993429560538,2.729267310459708,2.3139432812744194,0.8055670612500012,0.6614173228346457,0.9133858267716536,1.5597551712622102,fusion,8.0,,,100.0,0.1
fusion_weighted_ridge_pc15_a10.0_b0.1,ridge,127,1.0692412034233236,1.6127748705596179,-0.26248026026959037,0.735063567061923,-0.2490981094586217,2.810084751762678,2.4638457373952645,0.7770383486863452,0.6377952755905512,0.8818897637795275,1.6204420430408049,fusion,15.0,,,10.0,0.1
image_svr_pc10_C30.0_e0.5,svr,127,1.0693458823168127,1.6209734797137374,-0.2753486292143801,0.7378521305066634,-0.3347859133424765,2.807381104321649,2.3174918407899074,0.8078295862557835,0.6062992125984252,0.8031496062992126,1.5626607135228454,image,10.0,30.0,0.5,,
fusion_weighted_ridge_pc8_a1.0_b0.1,ridge,127,1.06997291638779,1.5425721669250776,-0.1549630294788762,0.8145117331714804,-0.2959339127882208,2.7411486398684195,2.3022225127687785,0.8117872866698685,0.6614173228346457,0.8740157480314961,1.5570048997193235,fusion,8.0,,,1.0,0.1
fusion_svr_pc3_C30.0_e1.0,svr,127,1.070533117437695,1.60640843563142,-0.25253264198288683,0.7650364734549662,-0.3275472000899516,2.82618257791854,2.3479232949557463,0.8028894611958178,0.6141732283464567,0.8503937007874016,1.575406378075782,fusion,3.0,30.0,1.0,,
image_svr_pc15_C3.0_e0.75,svr,127,1.071428812044036,1.5306691834144202,-0.13720766464342837,0.7401642519338516,-0.27482422231395937,2.8119572114142155,2.449857579909527,0.7826151654436473,0.6929133858267716,0.9133858267716536,1.6162363726765872,image,15.0,3.0,0.75,,
fusion_weighted_ridge_pc8_a10.0_b0.1,ridge,127,1.07495421907419,1.5404625915605439,-0.15180620404581746,0.8201354597523096,-0.29849125763711276,2.711571358043964,2.3008143269730335,0.8181073393239563,0.6456692913385826,0.8818897637795275,1.559460833148495,fusion,8.0,,,10.0,0.1
fusion_svr_pc15_C3.0_e0.75,svr,127,1.0868250104357937,1.5416280011972434,-0.15354962035938202,0.7489104126855572,-0.2896329939494302,2.823082628182548,2.449109096730985,0.8013940590215634,0.6692913385826772,0.9133858267716536,1.6252515778762742,fusion,15.0,3.0,0.75,,
image_svr_pc15_C30.0_e0.25,svr,127,1.0870627908061699,1.7308151702371148,-0.4540471406912845,0.623366346017864,-0.27557901189925416,2.94556777649816,2.5893317444326938,0.7723016767129935,0.6535433070866141,0.8031496062992126,1.6808167105728438,image,15.0,30.0,0.25,,
fusion_svr_pc2_C10.0_e1.0,svr,127,1.093799135550849,1.51033494236405,-0.10719378908610655,0.8805161587027648,-0.3471011554341323,2.78683076880262,2.236588425508588,0.8543575700358941,0.7007874015748031,0.9133858267716536,1.545472997772241,fusion,2.0,10.0,1.0,,
image_svr_pc3_C10.0_e1.0,svr,127,1.09464818216958,1.501852939977124,-0.09479276508471002,0.8824343398195964,-0.3468513165642737,2.781964870179173,2.226858766885885,0.8574231072766401,0.6535433070866141,0.9133858267716536,1.5421409370812627,image,3.0,10.0,1.0,,
image_svr_pc10_C10.0_e0.75,svr,127,1.102126966724335,1.601456918812567,-0.24482304829687296,0.9484866207231146,-0.3458039423533858,2.8615811971352825,2.4067119580783616,0.8287853494882531,0.5511811023622047,0.8582677165354331,1.6177486537833072,image,10.0,10.0,0.75,,
image_svr_pc8_C10.0_e0.75,svr,127,1.1047499413305588,1.5970394971596718,-0.23796513761258598,0.8693056255185816,-0.3378127376915287,2.8523553660876604,2.433750586274869,0.8262926633422274,0.5590551181102362,0.8582677165354331,1.6300216248085482,image,8.0,10.0,0.75,,
image_svr_pc5_C30.0_e1.0,svr,127,1.1052841911813605,1.700890622735378,-0.40420292800487356,0.7394272882936477,-0.2525763141479235,2.9778309489640966,2.63195834388525,0.7854096068053069,0.6299212598425197,0.8661417322834646,1.7086839753452785,image,5.0,30.0,1.0,,
fusion_svr_pc3_C10.0_e1.0,svr,127,1.108602498540217,1.5445156575771395,-0.15787514461461694,0.8561401593831715,-0.3528039222875837,2.8040275010626052,2.2646834960031375,0.8663760038337004,0.6299212598425197,0.8976377952755905,1.5655297499184189,fusion,3.0,10.0,1.0,,
image_svr_pc10_C30.0_e0.75,svr,127,1.111360219989027,1.6288368353460558,-0.2877520943770602,0.8473839123154399,-0.4054279703649562,2.8133666760182976,2.311171899633953,0.8599711061586615,0.5590551181102362,0.8031496062992126,1.585571502896307,image,10.0,30.0,0.75,,
image_svr_pc8_C30.0_e0.5,svr,127,1.1117872732288352,1.6625082284798411,-0.3415433401104524,0.8443957087703282,-0.34964182216013057,2.8677955242981596,2.4235545253857524,0.8369408013483385,0.6299212598425197,0.7952755905511811,1.6302476633670455,image,8.0,30.0,0.5,,
fusion_svr_pc1_C10.0_e1.0,svr,127,1.1208690503665752,1.519621695238947,-0.12085148386159905,0.8911839694188952,-0.3541103396272523,2.743833225315196,2.2149831443498473,0.8916260973415086,0.7007874015748031,0.905511811023622,1.553304620845678,fusion,1.0,10.0,1.0,,
fusion_svr_pc10_C30.0_e0.25,svr,127,1.1228524161256876,1.6896959294950562,-0.3857797676057846,0.7367568015788244,-0.35480046966206935,2.853440499766631,2.3763979178825285,0.8602047871861588,0.6062992125984252,0.7795275590551181,1.6183013525343437,fusion,10.0,30.0,0.25,,
image_svr_pc5_C10.0_e1.0,svr,127,1.1272921794547868,1.6341305156724932,-0.29613602238890446,0.8335896064846331,-0.2879137249904952,2.8512507822858026,2.5354911800168765,0.8322409602893964,0.6141732283464567,0.8818897637795275,1.6838660701531365,image,5.0,10.0,1.0,,
image_svr_pc15_C10.0_e0.75,svr,127,1.1336731156386521,1.6625692449486622,-0.3416418150991507,0.8616635553298213,-0.34960642277263826,2.9506657241526244,2.573385337012784,0.8320191263983577,0.6062992125984252,0.8188976377952756,1.702702231705571,image,15.0,10.0,0.75,,
image_svr_pc2_C10.0_e1.0,svr,127,1.13486885343009,1.505505268141745,-0.10012405196932561,0.9568920040643931,-0.4050779368289914,2.745904760804089,2.1184750622519584,0.9287799334864604,0.7165354330708661,0.9133858267716536,1.5236274978692093,image,2.0,10.0,1.0,,
fusion_svr_pc8_C30.0_e0.25,svr,127,1.1373573609082797,1.7322481558792189,-0.4564558221678856,0.6991762441309941,-0.32962383824685143,2.8620475633599445,2.530913052026578,0.8453742637215886,0.6141732283464567,0.7874015748031497,1.6881436578740834,fusion,8.0,30.0,0.25,,
fusion_svr_pc10_C10.0_e0.75,svr,127,1.137435182734095,1.6282103627020121,-0.2867617111783214,0.9476777036765576,-0.38425646182485756,2.8643705345215693,2.3895229213168507,0.8750929898881842,0.5354330708661418,0.84251968503937,1.6323079556025175,fusion,10.0,10.0,0.75,,
fusion_svr_pc15_C30.0_e0.25,svr,127,1.1378829081053277,1.782644880746093,-0.5424346515511203,0.6674370073268499,-0.31766073709853127,2.972228654105363,2.6137233332726613,0.8286591999750295,0.6299212598425197,0.7716535433070866,1.7211912666238454,fusion,15.0,30.0,0.25,,
image_svr_pc15_C30.0_e0.5,svr,127,1.140940982530616,1.761675997150951,-0.5063613873652646,0.7399081561199541,-0.33081952058767095,2.974257126140324,2.6167637144095512,0.8317209815655061,0.6299212598425197,0.7952755905511811,1.7242423479875286,image,15.0,30.0,0.5,,
fusion_svr_pc10_C30.0_e0.5,svr,127,1.148204719191972,1.696672587902696,-0.3972470043318277,0.8352870840431592,-0.4082145783278765,2.8392245529984392,2.3333628582827655,0.8998858710015197,0.5905511811023622,0.7716535433070866,1.6166243646421425,fusion,10.0,30.0,0.5,,
fusion_svr_pc8_C10.0_e0.75,svr,127,1.1495160793668484,1.657635907149185,-0.33369152687364734,0.8833887848798625,-0.375884233869795,2.911292292725341,2.47877695503616,0.871004276845659,0.5590551181102362,0.8267716535433071,1.6748906159409094,fusion,8.0,10.0,0.75,,
image_svr_pc3_C3.0_e1.0,svr,127,1.1573003955668733,1.502347179717774,-0.09551344699788067,0.9640185930432175,-0.43271128995294433,2.618534135342174,2.1119896754558822,0.9572702607329862,0.6535433070866141,0.9133858267716536,1.5346299680944342,image,3.0,3.0,1.0,,
fusion_svr_pc2_C3.0_e1.0,svr,127,1.1573258504666486,1.509863963373403,-0.10650336778623348,0.9642275575994521,-0.43207546688637455,2.6689161196868505,2.1177467962550622,0.9560947951585995,0.7007874015748031,0.9133858267716536,1.536920795706831,fusion,2.0,3.0,1.0,,
image_svr_pc8_C3.0_e1.0,svr,127,1.1586694888393814,1.5352113367861036,-0.14396684634409151,0.9577042493856194,-0.42464177786476465,2.690583492046093,2.251621448102973,0.9296700307079625,0.5196850393700787,0.905511811023622,1.5906457394054678,image,8.0,3.0,1.0,,
fusion_svr_pc3_C3.0_e1.0,svr,127,1.1598155327263084,1.508794006193867,-0.10493568782961016,0.9519472633232375,-0.43385041179277,2.6260847838596497,2.120380759798347,0.9585542470540722,0.6299212598425197,0.9133858267716536,1.5394675034262095,fusion,3.0,3.0,1.0,,
image_svr_pc8_C30.0_e0.75,svr,127,1.1598633669825538,1.6661000565353055,-0.3473463769660874,0.9196874161602171,-0.4368134999676873,2.8705220646720986,2.4018730544079254,0.8996327658077142,0.5590551181102362,0.7874015748031497,1.6507529101078198,image,8.0,30.0,0.75,,
fusion_svr_pc1_C3.0_e1.0,svr,127,1.1629600921409518,1.5088186733317233,-0.10497181711382231,0.9647874354870822,-0.436872588104079,2.572652339735771,2.0962848621536705,0.9674063308049534,0.7007874015748031,0.9133858267716536,1.5318455964793118,fusion,1.0,3.0,1.0,,
fusion_svr_pc15_C10.0_e0.75,svr,127,1.1636017117032706,1.6845859616950387,-0.37741070868738613,0.8559171058020834,-0.3815766696025519,2.952949217777326,2.558813295812688,0.8712716655089165,0.5905511811023622,0.8188976377952756,1.7150424806608022,fusion,15.0,10.0,0.75,,
image_svr_pc1_C30.0_e1.0,svr,127,1.1656394617740098,1.502434452494712,-0.09564072953147518,0.9994383182402267,-0.45418448758761404,2.50790511305877,2.0535521873765195,0.9796006049811032,0.6771653543307087,0.9133858267716536,1.5165763961788112,image,1.0,30.0,1.0,,
fusion_weighted_ridge_pc2_a1000.0_b0.25,ridge,127,1.1666416771611257,1.543974575558468,-0.157064022140881,0.8847783031636531,-0.41415683922688545,2.61362470539418,2.2365030498329728,0.9424802466965485,0.6141732283464567,0.9133858267716536,1.5894916482647607,fusion,2.0,,,1000.0,0.25
image_svr_pc5_C3.0_e1.0,svr,127,1.1666830929611396,1.5427219627902453,-0.1551873523212013,0.9296253176629374,-0.40876472641253486,2.616686174877009,2.212918952382596,0.9474717700347388,0.6141732283464567,0.9133858267716536,1.5801953612086674,image,5.0,3.0,1.0,,
fusion_weighted_ridge_pc15_a1000.0_b0.25,ridge,127,1.1667011892865489,1.6186804345540518,-0.271742939704404,0.8847272346995645,-0.40279775657073774,2.779534251815877,2.3947143555994277,0.9094031925352789,0.5511811023622047,0.8740157480314961,1.6520587740673534,fusion,15.0,,,1000.0,0.25
image_svr_pc2_C3.0_e1.0,svr,127,1.1680454944385608,1.5108186365148168,-0.10790307402686339,0.9871375544394905,-0.4513389304147788,2.6015099813094906,2.072309439150306,0.9785806679275284,0.7165354330708661,0.9133858267716536,1.5254450535389172,image,2.0,3.0,1.0,,
image_svr_pc3_C1.0_e1.0,svr,127,1.1731527153300718,1.5071336281257608,-0.10250513533436223,0.987870397757181,-0.4592169449288471,2.5393273814126647,2.067572059356165,0.9857505670579375,0.6456692913385826,0.9133858267716536,1.5266613132070512,image,3.0,1.0,1.0,,
fusion_svr_pc2_C1.0_e1.0,svr,127,1.1731560292898433,1.5094917379411714,-0.10595786443557831,0.9877362017095237,-0.4589809513263204,2.556302631356512,2.0695736411948187,0.9853351963192767,0.7007874015748031,0.9133858267716536,1.5274544187570478,fusion,2.0,1.0,1.0,,
fusion_svr_pc3_C1.0_e1.0,svr,127,1.1739550367962364,1.5086221639741761,-0.10468401160652485,0.9841803765113841,-0.4595583394772312,2.542008544284664,2.070375965298729,0.986133508919524,0.6377952755905512,0.9133858267716536,1.5282547371091264,fusion,3.0,1.0,1.0,,
image_svr_pc8_C1.0_e1.0,svr,127,1.1741761287108348,1.5047179969487794,-0.09897378097378318,0.9742851398012071,-0.45705350076412093,2.5637410087048274,2.114163017599751,0.9772264948483953,0.5275590551181102,0.9133858267716536,1.5456947562240733,image,8.0,1.0,1.0,,
fusion_svr_pc1_C1.0_e1.0,svr,127,1.1750252972444135,1.5098347993583203,-0.10646062251906896,0.9887393187008993,-0.4606039390904635,2.523724391052969,2.0622599003804867,0.9891285232539982,0.7086614173228346,0.9133858267716536,1.5256942118172425,fusion,1.0,1.0,1.0,,
image_svr_pc1_C10.0_e1.0,svr,127,1.1750376745401199,1.5074979111749216,-0.10303816367684071,0.9996555265505886,-0.46523497042863443,2.5042822084293332,2.0487877120872553,0.9919662381016727,0.6692913385826772,0.9133858267716536,1.520376975094464,image,1.0,10.0,1.0,,
image_svr_pc5_C1.0_e1.0,svr,127,1.176241457673174,1.5179901109075973,-0.11844590887815443,0.9770485024855482,-0.4511990702539856,2.5387832268097186,2.101194548076979,0.9824417625409477,0.6141732283464567,0.9133858267716536,1.5418181553089634,image,5.0,1.0,1.0,,
image_svr_pc2_C1.0_e1.0,svr,127,1.1767644839224352,1.5107897133813437,-0.10786065500847775,0.9959248741587157,-0.46548547507855714,2.533492952912561,2.0542188477710153,0.9929169029255898,0.7007874015748031,0.9133858267716536,1.5235678753483026,image,2.0,1.0,1.0,,
image_svr_pc1_C3.0_e1.0,svr,127,1.1786982773027685,1.509916320215702,-0.10658010851015809,0.9997272829454431,-0.46938636528870326,2.5047831153160796,2.0473590590775563,0.9966931611213846,0.6377952755905512,0.9133858267716536,1.5220261100994705,image,1.0,3.0,1.0,,
fusion_svr_pc2_C0.3_e1.0,svr,127,1.1787050318783505,1.5104896603889826,-0.10742064156174269,0.9961844254831806,-0.4683892304513351,2.5169761722156543,2.0527111762574415,0.9955799349608266,0.7007874015748031,0.9133858267716536,1.5241455556091341,fusion,2.0,0.3,1.0,,
image_svr_pc3_C0.3_e1.0,svr,127,1.1787574162779932,1.509826708365629,-0.10644876381661161,0.9960349041902568,-0.4684994361292736,2.5117960470127123,2.052154532199224,0.9957599253230692,0.6299212598425197,0.9133858267716536,1.5239572287611467,image,3.0,0.3,1.0,,
fusion_svr_pc3_C0.3_e1.0,svr,127,1.1789905055662173,1.5102190495192027,-0.10702387854325623,0.9956088506401564,-0.4685855251456199,2.5126732095695807,2.0529918284751982,0.9958664188614782,0.6299212598425197,0.9133858267716536,1.5244291236683383,fusion,3.0,0.3,1.0,,
image_svr_pc8_C0.3_e1.0,svr,127,1.1790339081697592,1.5076161570726172,-0.1032112118147479,0.9924538483951473,-0.467839437197637,2.519117910123235,2.066048212678867,0.9931832919868985,0.5275590551181102,0.9133858267716536,1.5296157523328826,image,8.0,0.3,1.0,,
fusion_svr_pc1_C0.3_e1.0,svr,127,1.1791990487956516,1.5106060597041604,-0.10759132524710213,0.9963592783860005,-0.4688008746873272,2.5068861824831097,2.050524299961911,0.9966356628370066,0.7007874015748031,0.9133858267716536,1.5235799813994588,fusion,1.0,0.3,1.0,,
image_svr_pc5_C0.3_e1.0,svr,127,1.1796727979684882,1.5128057196353368,-0.1108192986317742,0.9931687881486244,-0.4661031427441972,2.5116463840021694,2.062162704473777,0.9947701508911899,0.6062992125984252,0.9133858267716536,1.5284664276824835,image,5.0,0.3,1.0,,
image_svr_pc2_C0.3_e1.0,svr,127,1.1796960883628804,1.5109414700424586,-0.10808323221623217,0.9984970164257749,-0.47023617971581677,2.5101594433231855,2.0481512206409587,0.9977340606474738,0.7244094488188977,0.9133858267716536,1.5229426406442164,image,2.0,0.3,1.0,,
image_svr_pc1_C1.0_e1.0,svr,127,1.180110986682727,1.5106582698598525,-0.10766788857675569,0.9998010048473898,-0.47110635918768556,2.5027501751246586,2.046455949869945,0.9985910896339766,0.6299212598425197,0.9133858267716536,1.5225235197519607,image,1.0,1.0,1.0,,
image_svr_pc1_C0.3_e1.0,svr,127,1.1806251105086178,1.510878809474737,-0.10799132702195124,0.9997963128774714,-0.47179738999624043,2.5011054330345033,2.0459505149594674,0.9993188352903448,0.6614173228346457,0.9133858267716536,1.5226346751249062,image,1.0,0.3,1.0,,
fusion_svr_pc5_C10.0_e1.0,svr,127,1.1809340243611577,1.6691549798718184,-0.3522918343676025,0.846987747680652,-0.3453089780730072,2.8392502658977943,2.5396539179118176,0.8962498561886381,0.5984251968503937,0.8661417322834646,1.7179518870502277,fusion,5.0,10.0,1.0,,
fusion_svr_pc5_C0.3_e1.0,svr,127,1.182277121848215,1.5143934949285933,-0.1131522578250923,0.9941942307831688,-0.4691916003049296,2.511863366389611,2.0624196843885216,0.9978662992207221,0.5826771653543307,0.9133858267716536,1.5301429918046219,fusion,5.0,0.3,1.0,,
fusion_svr_pc8_C0.3_e1.0,svr,127,1.1824485326481229,1.5098390625911624,-0.10646687102509911,0.994335504919956,-0.4713607353260401,2.5213473194881706,2.0683009202152074,0.9968413657293054,0.5118110236220472,0.9133858267716536,1.5325711429722564,fusion,8.0,0.3,1.0,,
fusion_svr_pc15_C30.0_e0.5,svr,127,1.1830978855884675,1.8044742133179954,-0.5804416308015616,0.8333379533351746,-0.36460318136515313,2.9940037297559283,2.631224718044357,0.8796808349786621,0.6141732283464567,0.7716535433070866,1.7554527765115095,fusion,15.0,30.0,0.5,,
fusion_weighted_ridge_pc3_a1.0_b0.25,ridge,127,1.1836570348604867,1.5904422565606742,-0.22775839575619927,1.0,-0.4696351417760048,2.675704599441219,2.1498067837450106,0.9812256589037291,0.5039370078740157,0.8661417322834646,1.5655162213243698,fusion,3.0,,,1.0,0.25
fusion_weighted_ridge_pc10_a1.0_b0.25,ridge,127,1.1837159056381636,1.6404662047077747,-0.3062060062951246,0.9552972974488849,-0.4589809233286644,2.667779588157763,2.210085464961539,0.9686670455894565,0.5433070866141733,0.8188976377952756,1.5893762552754978,fusion,10.0,,,1.0,0.25
image_svr_pc10_C0.3_e1.0,svr,127,1.1842672399945966,1.5103416102259044,-0.10720356523750363,0.9926191010062393,-0.4738526282936148,2.520466689508463,2.0665345763340124,0.999411226666338,0.5275590551181102,0.9133858267716536,1.5329729015001752,image,10.0,0.3,1.0,,
fusion_svr_pc5_C1.0_e1.0,svr,127,1.1847883868257933,1.5231869968006178,-0.12611708571987568,0.9792384877858389,-0.46135977843757253,2.5393747838390164,2.1018129497268747,0.9926499069798526,0.5826771653543307,0.9133858267716536,1.5472314283533637,fusion,5.0,1.0,1.0,,
fusion_svr_pc8_C1.0_e1.0,svr,127,1.1853574844032286,1.5117782205502175,-0.10931087201770961,0.9808400111253004,-0.46859425001645877,2.5710432343350202,2.1216181285450024,0.9891885875354285,0.5118110236220472,0.9133858267716536,1.5554033580402153,fusion,8.0,1.0,1.0,,
fusion_svr_pc10_C0.3_e1.0,svr,127,1.1866638476715172,1.512347049997,-0.11014581909440047,0.995816879858582,-0.47611933123180844,2.521705538896379,2.0676318767884663,1.0020800701422519,0.5039370078740157,0.9133858267716536,1.534855973465359,fusion,10.0,0.3,1.0,,
image_svr_pc15_C30.0_e0.75,svr,127,1.1880511944116259,1.7656463673629703,-0.5131589506022853,0.8556120314366709,-0.3920421460895244,2.9838947325230096,2.6112828038463083,0.8898502857681684,0.5748031496062992,0.7874015748031497,1.7505665448072383,image,15.0,30.0,0.75,,
image_svr_pc15_C0.3_e1.0,svr,127,1.1886813816129103,1.51445784009457,-0.11324685343539764,0.9978677961063092,-0.47759464912663074,2.5253647402037975,2.074212296240667,1.003141570928999,0.5354330708661418,0.9133858267716536,1.538676933584833,image,15.0,0.3,1.0,,
image_svr_pc10_C30.0_e1.0,svr,127,1.1891085763353104,1.660274793337567,-0.3379412677852902,1.0,-0.5070418156517785,2.8340029981344528,2.3124473682567688,0.953742353266053,0.5275590551181102,0.8031496062992126,1.6330948607614109,image,10.0,30.0,1.0,,
fusion_svr_pc15_C0.3_e1.0,svr,127,1.1901782019859113,1.5156324341845808,-0.11497436307501352,0.9987003253587989,-0.47897619743093717,2.5266485706091633,2.0743901048095346,1.0049147556800095,0.5354330708661418,0.9133858267716536,1.539652430244772,fusion,15.0,0.3,1.0,,
fusion_svr_pc10_C30.0_e0.75,svr,127,1.1906602836175746,1.6964433541440187,-0.3968694718041901,0.9556882946597014,-0.47717205893000175,2.846250593212932,2.32863010184698,0.9522285121790325,0.5590551181102362,0.7795275590551181,1.6404293070130063,fusion,10.0,30.0,0.75,,
fusion_weighted_ridge_pc2_a100.0_b0.25,ridge,127,1.1915913270575862,1.5912570240136399,-0.22901665434212815,0.9585384138452753,-0.4340296595394657,2.6147263763557986,2.2419442557350133,0.9715173800966023,0.5433070866141733,0.9133858267716536,1.6067308179158077,fusion,2.0,,,100.0,0.25
fusion_svr_pc8_C30.0_e0.5,svr,127,1.1917777923324584,1.764436324973388,-0.5110856486144981,0.8990842466233921,-0.4032935204127044,2.9381139583873095,2.550619265940426,0.9070681502431698,0.5826771653543307,0.7795275590551181,1.7288437080917978,fusion,8.0,30.0,0.5,,
image_svr_pc10_C1.0_e1.0,svr,127,1.1918029899344755,1.5129652247419434,-0.11105355302286934,0.9765989689644528,-0.47727612128473407,2.5678925012620626,2.115629768967636,0.9982392838513371,0.5275590551181102,0.9133858267716536,1.5569345264094865,image,10.0,1.0,1.0,,
fusion_svr_pc5_C3.0_e1.0,svr,127,1.1921335136802766,1.5581494842214305,-0.1784070746021762,0.9376864528625841,-0.4391619077358856,2.618439992853611,2.2147654593152533,0.9778677726900908,0.5826771653543307,0.9133858267716536,1.596316616002672,fusion,5.0,3.0,1.0,,
fusion_svr_pc8_C3.0_e1.0,svr,127,1.1925271398331894,1.5548322426276748,-0.17339484711055864,0.987666830264887,-0.45957366802374655,2.712585576348082,2.2738197215796654,0.9659705988958321,0.5039370078740157,0.8976377952755905,1.6198951602377487,fusion,8.0,3.0,1.0,,
fusion_weighted_ridge_pc15_a1.0_b0.25,ridge,127,1.193448501739461,1.706241556090978,-0.413051957137093,0.8235798504755909,-0.4297810968254868,2.723722158514576,2.3068876243061904,0.9601564951064314,0.5669291338582677,0.7952755905511811,1.633522059706311,fusion,15.0,,,1.0,0.25
fusion_weighted_ridge_pc5_a1.0_b0.25,ridge,127,1.1940172299021543,1.6055836027219927,-0.25124671135309296,1.0071230397674515,-0.4863173275492669,2.6903023771758146,2.19544864470244,0.9841935048963802,0.4881889763779528,0.8661417322834646,1.5898210747994101,fusion,5.0,,,1.0,0.25
fusion_weighted_ridge_pc10_a10.0_b0.25,ridge,127,1.1942734012622036,1.6354572433635126,-0.29824150613485223,0.9023388054659964,-0.46322214381255616,2.6473428196179105,2.2394481011109013,0.9752844165320005,0.5511811023622047,0.8267716535433071,1.6073662588214508,fusion,10.0,,,10.0,0.25
fusion_weighted_ridge_pc15_a100.0_b0.25,ridge,127,1.194765248633661,1.691738844305725,-0.3891327276034269,0.8638540375276538,-0.42182605188662564,2.8350197010074374,2.452665959150186,0.9312050997635322,0.5354330708661418,0.8346456692913385,1.6919355294568592,fusion,15.0,,,100.0,0.25
image_svr_pc10_C10.0_e1.0,svr,127,1.195874399517312,1.6276879810929108,-0.2859361755593899,1.0995586214494342,-0.4922942210437988,2.850312378675588,2.333753082107394,0.9574617231651043,0.4881889763779528,0.8267716535433071,1.645607402636249,image,10.0,10.0,1.0,,
fusion_weighted_ridge_pc2_a10.0_b0.25,ridge,127,1.1966447947854921,1.5937159949424065,-0.23281799028953643,1.0389349466051012,-0.4553295641935802,2.577574441443799,2.172708449477153,0.9921362195167633,0.47244094488188976,0.905511811023622,1.5824223344969581,fusion,2.0,,,10.0,0.25
fusion_weighted_ridge_pc3_a1000.0_b0.25,ridge,127,1.1972914652846327,1.5813180277104124,-0.21371171775821485,0.9367125726455132,-0.43177512608113305,2.733655421602009,2.3044148354389162,0.9653227591570692,0.5590551181102362,0.9133858267716536,1.6348687972979927,fusion,3.0,,,1000.0,0.25
fusion_weighted_ridge_pc10_a1000.0_b0.25,ridge,127,1.1977529479242919,1.6008413214823127,-0.24386621648693096,0.9268611412554488,-0.4441143227225442,2.690657998953512,2.306238831543976,0.9654987627849297,0.5433070866141733,0.8976377952755905,1.6358687971644528,fusion,10.0,,,1000.0,0.25
fusion_weighted_ridge_pc2_a1.0_b0.25,ridge,127,1.1989348954205388,1.5799136550682855,-0.21155687399498846,1.0716901639717982,-0.4769900550581762,2.6219324515113027,2.1568164529514253,0.9982359024140676,0.44881889763779526,0.8740157480314961,1.5775261776827465,fusion,2.0,,,1.0,0.25
fusion_svr_pc10_C1.0_e1.0,svr,127,1.1997823829538499,1.5195370073912657,-0.12072655822380218,0.9852733762218637,-0.4848482542685012,2.572498672458262,2.119351102926657,1.0071108416262133,0.5039370078740157,0.9133858267716536,1.5632309722764353,fusion,10.0,1.0,1.0,,
fusion_weighted_ridge_pc10_a100.0_b0.25,ridge,127,1.2021168696166489,1.6267659283789144,-0.28447967392452433,0.9494637351406343,-0.4593660025993838,2.6803224646707187,2.2955469846264998,0.9730172264717278,0.5354330708661418,0.84251968503937,1.6342821055491137,fusion,10.0,,,100.0,0.25
image_svr_pc15_C1.0_e1.0,svr,127,1.206355721147261,1.5267698782411412,-0.1314210823157984,0.9929168746688344,-0.4896279991385997,2.5844200682001786,2.141241922800241,1.0104748027056838,0.5354330708661418,0.9133858267716536,1.5758583627529625,image,15.0,1.0,1.0,,
fusion_weighted_ridge_pc15_a10.0_b0.25,ridge,127,1.206812940243717,1.7095971342570488,-0.4186153767074017,0.9353038767770165,-0.432082680765253,2.7780309821252134,2.3892745380155684,0.9590590816629483,0.5433070866141733,0.8188976377952756,1.6741668098392584,fusion,15.0,,,10.0,0.25
image_svr_pc8_C10.0_e1.0,svr,127,1.2070462791949992,1.6458405762799428,-0.31477861286783715,1.0372747239173918,-0.4848614625525498,2.87752916686584,2.3990570500484063,0.9572916414923804,0.47244094488188976,0.8267716535433071,1.6781743457703935,image,8.0,10.0,1.0,,
image_svr_pc10_C3.0_e1.0,svr,127,1.2106982405462674,1.550328849278806,-0.16660748345697418,0.9354292297209863,-0.4843726403008051,2.703201875652044,2.2560766929829037,0.9916665647976384,0.5118110236220472,0.905511811023622,1.623871628890271,image,10.0,3.0,1.0,,
fusion_svr_pc15_C1.0_e1.0,svr,127,1.2113512035681009,1.530790910054059,-0.13738854497127262,0.9953560896106577,-0.49420160723616624,2.5887965829930435,2.1420277259336697,1.016352313167696,0.5275590551181102,0.9133858267716536,1.579190019550683,fusion,15.0,1.0,1.0,,
fusion_weighted_ridge_pc5_a10.0_b0.25,ridge,127,1.2135275899882902,1.6182381423008658,-0.2710480462698823,1.0847196822927732,-0.4887344819930976,2.6804564660148773,2.2764870661335608,0.9908122711769004,0.4645669291338583,0.8740157480314961,1.6336496686552306,fusion,5.0,,,10.0,0.25
image_svr_pc8_C30.0_e1.0,svr,127,1.213946179763239,1.6783169013030639,-0.3671779230312078,1.0465237399124288,-0.5207899649520923,2.8825002045577364,2.401266516726094,0.965174299637688,0.47244094488188976,0.7874015748031497,1.683220408181891,image,8.0,30.0,1.0,,
fusion_weighted_ridge_pc3_a10.0_b0.25,ridge,127,1.2143979490359156,1.6198680935667469,-0.273609832065024,1.0465367722574346,-0.47568772074604104,2.6715360250745235,2.195029849314187,1.0089322175490394,0.48031496062992124,0.8818897637795275,1.6019810334316131,fusion,3.0,,,10.0,0.25
fusion_svr_pc5_C30.0_e1.0,svr,127,1.2170285340145628,1.8012964057489635,-0.5748799918586258,0.7966360932534222,-0.3586279163148463,3.039558742669573,2.6921861400809117,0.9079478927435185,0.5748031496062992,0.8031496062992126,1.800067016412215,fusion,5.0,30.0,1.0,,
fusion_weighted_ridge_pc8_a1000.0_b0.25,ridge,127,1.2210870665968094,1.5983881035640353,-0.24005679862054996,0.9613898711889828,-0.4746181634025589,2.727772716103674,2.2777169926220515,0.99969793923914,0.5118110236220472,0.9133858267716536,1.6387074659305958,fusion,8.0,,,1000.0,0.25
fusion_weighted_ridge_pc5_a1000.0_b0.25,ridge,127,1.2235161421342864,1.5929932428228863,-0.23170007495385647,1.0406804385595567,-0.455999355721249,2.763546448334409,2.3730419744008597,0.9826631106117661,0.48031496062992124,0.9133858267716536,1.6778525425063129,fusion,5.0,,,1000.0,0.25
fusion_weighted_ridge_pc3_a100.0_b0.25,ridge,127,1.2250225922233737,1.6239857548557173,-0.2800930257903518,1.022783863887792,-0.46024565151432845,2.736516735049283,2.301590592787373,0.999455963533774,0.4881889763779528,0.905511811023622,1.6505232781605734,fusion,3.0,,,100.0,0.25
fusion_svr_pc15_C30.0_e0.75,svr,127,1.2328101844971313,1.8040187743467901,-0.5796439426228821,0.9389126781453303,-0.4297318713960715,2.999952903555096,2.61524211429707,0.9431577801580967,0.5590551181102362,0.7637795275590551,1.7791999472275832,fusion,15.0,30.0,0.75,,
fusion_svr_pc10_C3.0_e1.0,svr,127,1.234201163288831,1.568866566613794,-0.19467318743942363,1.019849361247818,-0.5067181139154542,2.7163715545830334,2.267092962160006,1.0177857387634421,0.4881889763779528,0.905511811023622,1.642439350461724,fusion,10.0,3.0,1.0,,
fusion_weighted_ridge_pc8_a1.0_b0.25,ridge,127,1.235607195311031,1.6440389925469443,-0.31190180039720916,1.0362001272202637,-0.5215618675158092,2.7217899325030945,2.198921420225019,1.0337699291385765,0.4881889763779528,0.8188976377952756,1.616345674681798,fusion,8.0,,,1.0,0.25
fusion_weighted_ridge_pc5_a100.0_b0.25,ridge,127,1.2365617354672667,1.6152443886789722,-0.266349498184713,0.985774195809455,-0.47834476678102394,2.7672076735442817,2.4014926758247586,0.9924809670114111,0.5196850393700787,0.9133858267716536,1.6969868214180848,fusion,5.0,,,100.0,0.25
image_svr_pc15_C10.0_e1.0,svr,127,1.2374052553792503,1.694860735734837,-0.3942643979059959,1.0,-0.4951429373634322,2.939223825896418,2.4889064744246703,0.9751859523411626,0.5118110236220472,0.8031496062992126,1.7320462133829164,image,15.0,10.0,1.0,,
fusion_svr_pc10_C10.0_e1.0,svr,127,1.237591552675722,1.6588789414450138,-0.3356925041553227,1.0724683303310574,-0.5350066784696117,2.855649048049756,2.3167232957296147,1.0114877588930014,0.4645669291338583,0.8267716535433071,1.6641055273113081,fusion,10.0,10.0,1.0,,
fusion_weighted_ridge_pc8_a10.0_b0.25,ridge,127,1.2381385721951927,1.6382117151308275,-0.3026182404728728,1.0622300034432683,-0.5243021564201363,2.6790973543330745,2.179365556897579,1.0409291087337404,0.4645669291338583,0.84251968503937,1.6101473328156597,fusion,8.0,,,10.0,0.25
fusion_svr_pc8_C30.0_e0.75,svr,127,1.2426539266223868,1.7704993393412414,-0.521488375870983,1.0406272410121797,-0.4933016979447651,2.9515109919811495,2.5175014097109325,0.9755430254038344,0.49606299212598426,0.7795275590551181,1.7465222175573833,fusion,8.0,30.0,0.75,,
fusion_weighted_ridge_pc8_a100.0_b0.25,ridge,127,1.2470323898091045,1.6324381841677915,-0.293452814411864,1.0801835315100305,-0.5107636935450182,2.7415161753075012,2.273601689298119,1.0319416794399776,0.4881889763779528,0.8582677165354331,1.652771684369048,fusion,8.0,,,100.0,0.25
image_svr_pc15_C30.0_e1.0,svr,127,1.2552348638356603,1.7697407664337907,-0.5201848875447277,0.951459305674696,-0.4853609009870993,2.97911491817517,2.5628901764735734,0.9812499411877168,0.5275590551181102,0.7795275590551181,1.772070058830645,image,15.0,30.0,1.0,,
image_svr_pc15_C3.0_e1.0,svr,127,1.2552499627303644,1.5939200883139275,-0.2331337631018333,0.9886210441310119,-0.5223920751091465,2.752946084611111,2.332841173060464,1.0294689472326293,0.5196850393700787,0.905511811023622,1.6811550601465466,image,15.0,3.0,1.0,,
fusion_svr_pc8_C10.0_e1.0,svr,127,1.2632719069709022,1.7146820331213972,-0.4270667752809738,1.0540480658378328,-0.5326486209121712,2.921694463943275,2.4377277628814493,1.017195441922978,0.47244094488188976,0.8031496062992126,1.7274616024022138,fusion,8.0,10.0,1.0,,
fusion_svr_pc15_C3.0_e1.0,svr,127,1.2697494326450505,1.605779082506792,-0.2515514084452597,0.9866494760097062,-0.5356708495626636,2.765810573006142,2.33499855694378,1.046554378030078,0.5196850393700787,0.889763779527559,1.690776467486929,fusion,15.0,3.0,1.0,,
fusion_svr_pc10_C30.0_e1.0,svr,127,1.2718237209424577,1.7287747760116097,-0.4506209162190886,1.0,-0.5810101776404702,2.865140361882999,2.3218978553685887,1.0518081880150778,0.5118110236220472,0.7952755905511811,1.6868530216918334,fusion,10.0,30.0,1.0,,
fusion_svr_pc15_C10.0_e1.0,svr,127,1.2781774409758215,1.7275141397202034,-0.4485060790012081,1.03200183707468,-0.5374508426547243,2.943997367839608,2.4717929067344304,1.0280865814835418,0.48031496062992124,0.7795275590551181,1.7499397441089861,fusion,15.0,10.0,1.0,,
fusion_svr_pc8_C30.0_e1.0,svr,127,1.2918678995488304,1.7763612608199089,-0.5315800035058873,1.1002199917184434,-0.5782475530328801,2.9389265204980566,2.4663855257233664,1.0457784921598798,0.47244094488188976,0.7795275590551181,1.7560820089416231,fusion,8.0,30.0,1.0,,
fusion_svr_pc15_C30.0_e1.0,svr,127,1.298361603782975,1.8044787647671192,-0.5804496035491851,1.0,-0.5271334268107909,2.9879206378142653,2.5516687063782357,1.035763925143968,0.5039370078740157,0.7795275590551181,1.793716315761102,fusion,15.0,30.0,1.0,,
fusion_weighted_ridge_pc15_a1.0_b0.4,ridge,127,1.346202859244427,1.843780036034128,-0.6500432092203745,1.0620680572418095,-0.6306955016349686,2.6800970742182413,2.225262247037634,1.162018987516327,0.48031496062992124,0.7559055118110236,1.6936406172769805,fusion,15.0,,,1.0,0.4
fusion_weighted_ridge_pc15_a1000.0_b0.4,ridge,127,1.3491429213516293,1.7497615622082099,-0.4860548674683127,1.0789745383776683,-0.6266467856436982,2.796948442785011,2.394643968314788,1.1300855591307768,0.4645669291338583,0.8031496062992126,1.7623647637227826,fusion,15.0,,,1000.0,0.4
fusion_weighted_ridge_pc10_a1.0_b0.4,ridge,127,1.3609468712714443,1.789018218890824,-0.5534834372122555,1.1708591321503619,-0.6940493546818042,2.648277043124371,2.1382088470479,1.1980919811087583,0.4409448818897638,0.7322834645669292,1.6681504140783292,fusion,10.0,,,1.0,0.4
fusion_weighted_ridge_pc15_a100.0_b0.4,ridge,127,1.3628509397954824,1.8341657299984333,-0.6328799262097191,1.0360881957484072,-0.631978786505776,2.8386502764741377,2.43650521913254,1.137894805077242,0.48031496062992124,0.7559055118110236,1.787200012104891,fusion,15.0,,,100.0,0.4
fusion_weighted_ridge_pc15_a10.0_b0.4,ridge,127,1.365378425180708,1.84662019478318,-0.6551305775818503,1.1289254378301212,-0.637470062811356,2.746196051203739,2.3285685821711146,1.1635671541922417,0.4409448818897638,0.7559055118110236,1.7460678681816781,fusion,15.0,,,10.0,0.4
fusion_weighted_ridge_pc10_a10.0_b0.4,ridge,127,1.3661944053387678,1.7775736682257195,-0.5336713941119804,1.1110448334163205,-0.6935402144641774,2.6205950828953166,2.1669822031394004,1.198410295323397,0.4566929133858268,0.7637795275590551,1.6826962492313986,fusion,10.0,,,10.0,0.4
fusion_weighted_ridge_pc3_a1.0_b0.4,ridge,127,1.3679194213509167,1.732209686514334,-0.4563911336206554,1.3047771397039742,-0.7217507403082457,2.651614554686107,2.036785935884915,1.2277759611628407,0.3937007874015748,0.8110236220472441,1.6322809485238778,fusion,3.0,,,1.0,0.4
fusion_weighted_ridge_pc2_a1.0_b0.4,ridge,127,1.3680105651083672,1.7150729019744255,-0.4277174609694212,1.364013574396104,-0.720313272478938,2.574921361431844,2.019111618996934,1.231589391912667,0.3779527559055118,0.8188976377952756,1.6253505054548003,fusion,2.0,,,1.0,0.4
fusion_weighted_ridge_pc2_a1000.0_b0.4,ridge,127,1.3809142006847375,1.6632600248492526,-0.3427569226183669,1.1447559562198197,-0.6835069466689959,2.6187215463619173,2.2180964013921933,1.2055045967269846,0.4251968503937008,0.8740157480314961,1.711800499059589,fusion,2.0,,,1000.0,0.4
fusion_weighted_ridge_pc10_a100.0_b0.4,ridge,127,1.384053070266664,1.7636946241750286,-0.5098155116861178,1.1301537046327415,-0.6963752569416203,2.6687541503542596,2.2458775146277614,1.2034803295433865,0.41732283464566927,0.7716535433070866,1.724678922085574,fusion,10.0,,,100.0,0.4
fusion_weighted_ridge_pc2_a10.0_b0.4,ridge,127,1.3855298519301933,1.7273973612797362,-0.44831025013974357,1.28319501622404,-0.7103601251291795,2.5430344434979477,2.0860140826603826,1.238761727396249,0.36220472440944884,0.7874015748031497,1.6623879050283157,fusion,2.0,,,10.0,0.4
fusion_weighted_ridge_pc5_a1.0_b0.4,ridge,127,1.3902046841394295,1.751433150317133,-0.48889554958773984,1.3453064839886775,-0.7422369627624453,2.686853509938748,2.1313499002485154,1.2349171150499068,0.3937007874015748,0.7874015748031497,1.683133507649211,fusion,5.0,,,1.0,0.4
fusion_weighted_ridge_pc10_a1000.0_b0.4,ridge,127,1.3919181708690456,1.7318656620153632,-0.4558126996352745,1.1360010485997947,-0.6891076118714766,2.6899117945200905,2.271586489484417,1.207606713635349,0.4251968503937008,0.8110236220472441,1.739596601559883,fusion,10.0,,,1000.0,0.4
fusion_weighted_ridge_pc2_a100.0_b0.4,ridge,127,1.4040391675028965,1.7180795988625848,-0.4327277161294225,1.213261015093618,-0.6955302509587244,2.6348665867139904,2.25879290859983,1.2249479074635388,0.4015748031496063,0.84251968503937,1.7418704080316845,fusion,2.0,,,100.0,0.4
fusion_weighted_ridge_pc3_a10.0_b0.4,ridge,127,1.4138929093298316,1.762658275595443,-0.5080416950271849,1.3391679095058766,-0.7354218114814606,2.663186064046697,2.130491910365496,1.2637483567318828,0.3779527559055118,0.7874015748031497,1.6971201335486894,fusion,3.0,,,10.0,0.4
fusion_weighted_ridge_pc5_a10.0_b0.4,ridge,127,1.4214731453125644,1.762752661157994,-0.508203202423821,1.3248194832199456,-0.747272310948401,2.6933360969681623,2.264614801243819,1.2448148935936345,0.3700787401574803,0.7952755905511811,1.7547148474187269,fusion,5.0,,,10.0,0.4
fusion_weighted_ridge_pc3_a1000.0_b0.4,ridge,127,1.42240805163817,1.7152065067200553,-0.4279399089571676,1.1998566913529434,-0.7088667051841052,2.7567956490728385,2.290963054014337,1.2404250987593535,0.3858267716535433,0.8582677165354331,1.7656940763868452,fusion,3.0,,,1000.0,0.4
fusion_weighted_ridge_pc8_a1.0_b0.4,ridge,127,1.4370960694725148,1.80303722709979,-0.5779254756298797,1.3041618519740723,-0.7851365749247436,2.7176136090363,2.1166446195887763,1.2947144684957745,0.36220472440944884,0.7401574803149606,1.7056795440422754,fusion,8.0,,,1.0,0.4
fusion_weighted_ridge_pc8_a10.0_b0.4,ridge,127,1.4447435727229057,1.792748534186487,-0.5599685859712777,1.2410614756720424,-0.7865399421504183,2.68970409677274,2.1333514145654173,1.300463834432094,0.33858267716535434,0.7401574803149606,1.7169076244987558,fusion,8.0,,,10.0,0.4
fusion_weighted_ridge_pc8_a1000.0_b0.4,ridge,127,1.4465331881027212,1.7437944297469208,-0.47593649907213775,1.247897450655719,-0.743189858697868,2.776071058738602,2.302813861312529,1.2671219994301899,0.3543307086614173,0.8188976377952756,1.7849679303713595,fusion,8.0,,,1000.0,0.4
fusion_weighted_ridge_pc3_a100.0_b0.4,ridge,127,1.4471863448834137,1.7623789198186863,-0.5075637274239007,1.309587498298196,-0.7302580152361644,2.769972867600691,2.312794772948528,1.2658207694792942,0.3779527559055118,0.8346456692913385,1.7893077712139112,fusion,3.0,,,100.0,0.4
fusion_weighted_ridge_pc5_a1000.0_b0.4,ridge,127,1.452031914747042,1.7313876514440445,-0.45500917562177845,1.294044920313656,-0.7290283423041957,2.797047818217381,2.3866835232901162,1.2562001491475412,0.3464566929133858,0.8740157480314961,1.8214418362188287,fusion,5.0,,,1000.0,0.4
fusion_weighted_ridge_pc5_a100.0_b0.4,ridge,127,1.459741555620388,1.7601733468297396,-0.5037927322131115,1.2108817636297005,-0.7422657964222052,2.807344354980297,2.4325997036628455,1.255904610316254,0.3464566929133858,0.8661417322834646,1.8442521569895498,fusion,5.0,,,100.0,0.4
fusion_weighted_ridge_pc8_a100.0_b0.4,ridge,127,1.4701624200451555,1.7909206485457068,-0.5567891210788136,1.3564095154595108,-0.7757436827830392,2.794117887466674,2.3000399018186646,1.2962833286259439,0.3464566929133858,0.7952755905511811,1.798161615222304,fusion,8.0,,,100.0,0.4
